asset,resolved_path,semantic_role,surface,authority,width,height,std,entropy,duplicate,positive_gt_count,hard_negative_gt_count,threshold,ROI,postcondition
lobby/create_room,lobby/create_room.png,map_create_room,CreateRoom,ACTION_AUTHORITY,188,56,52.27,5.55,,0,0,0.85,FULL/DEFAULT,MUTATION_OR_DISAPPEAR
lobby/create_room_confirm,lobby/create_room_confirm.png,create_room_confirm,CreateRoom,ACTION_AUTHORITY,120,48,39.62,5.05,,0,0,0.85,FULL/DEFAULT,MUTATION_OR_DISAPPEAR
lobby/archive_start_btn,lobby/archive_start_btn.png,archive_start,CreateRoom,ACTION_AUTHORITY,125,36,0.68,1.44,,0,0,0.85,FULL/DEFAULT,MUTATION_OR_DISAPPEAR
lobby/archive_skill,lobby/archive_skill.png,archive_challenges,FindAllMatchImages,OBSERVATION_ONLY,91,36,12.9,5.24,,0,0,0.85,FULL/DEFAULT,NONE
lobby/archive_strengthen,lobby/archive_strengthen.png,archive_challenges,FindAllMatchImages,OBSERVATION_ONLY,91,36,27.15,5.63,,0,0,0.85,FULL/DEFAULT,NONE
lobby/archive_gem,lobby/archive_gem.png,archive_challenges,FindAllMatchImages,OBSERVATION_ONLY,91,36,37.73,6.85,,0,0,0.85,FULL/DEFAULT,NONE
lobby/archive_key,lobby/archive_key.png,archive_challenges,FindAllMatchImages,OBSERVATION_ONLY,91,36,43.74,6.6,,0,0,0.85,FULL/DEFAULT,NONE
lobby/archive_recast,lobby/archive_recast.png,archive_challenges,FindAllMatchImages,OBSERVATION_ONLY,91,36,37.39,6.43,,0,0,0.85,FULL/DEFAULT,NONE
lobby/archive_bless,lobby/archive_bless.png,archive_challenges,FindAllMatchImages,OBSERVATION_ONLY,91,36,46.89,5.85,,0,0,0.85,FULL/DEFAULT,NONE
lobby/exit_confirm_btn,lobby/exit_confirm_btn.png,exit_confirm,QuitGame,ACTION_AUTHORITY,110,40,50.72,4.98,,0,0,0.85,FULL/DEFAULT,MUTATION_OR_DISAPPEAR
lobby/exit_cancel_btn,lobby/exit_cancel_btn.png,exit_confirm,QuitGame,ACTION_AUTHORITY,110,40,48.6,4.79,,0,0,0.85,FULL/DEFAULT,MUTATION_OR_DISAPPEAR
lobby/choice_hide_btn,lobby/choice_hide_btn.png,choice_panel,FindCardImages,OBSERVATION_ONLY,108,33,36.35,5.97,,0,0,0.85,FULL/DEFAULT,NONE
lobby/choice_refresh_btn,lobby/choice_refresh_btn.png,choice_panel,FindCardImages,OBSERVATION_ONLY,108,33,47.16,6.82,,0,0,0.85,FULL/DEFAULT,NONE
lobby/choice_giveup_btn,lobby/choice_giveup_btn.png,choice_panel,FindCardImages,OBSERVATION_ONLY,91,33,21.78,5.57,,0,0,0.85,FULL/DEFAULT,NONE
lobby/hero_hide_btn,lobby/hero_hide_btn.png,hero_challenge,FindCardImages,OBSERVATION_ONLY,108,33,26.66,4.09,,0,0,0.85,FULL/DEFAULT,NONE
lobby/hero_refresh_btn,lobby/hero_refresh_btn.png,hero_challenge,FindCardImages,OBSERVATION_ONLY,108,33,24.11,3.33,,0,0,0.85,FULL/DEFAULT,NONE
lobby/f4_clear_challenge,lobby/f4_clear_challenge.png,f4_challenge,ChangeMainLineStatus,ACTION_AUTHORITY,116,30,20.67,6.14,,0,0,0.85,FULL/DEFAULT,MUTATION_OR_DISAPPEAR
lobby/stage_begin_btn,lobby/stage_begin_btn.png,stage_begin,BeginGame,ACTION_AUTHORITY,125,36,21.15,5.66,,0,0,0.85,FULL/DEFAULT,MUTATION_OR_DISAPPEAR
lobby/stage_hero_mode_btn,lobby/stage_hero_mode_btn.png,stage_begin,BeginGame,ACTION_AUTHORITY,64,31,94.44,7.16,,0,0,0.85,FULL/DEFAULT,MUTATION_OR_DISAPPEAR
lobby/stage_archaeology_btn,lobby/stage_archaeology_btn.png,stage_begin,BeginGame,ACTION_AUTHORITY,125,36,54.71,5.84,,0,0,0.85,FULL/DEFAULT,MUTATION_OR_DISAPPEAR
kk_start,kk_start.png,room_start,EntryF1,ACTION_AUTHORITY,148,44,46.12,5.47,"DUP(4):room_start.png,room_start_alt.png,startGameBtn.png",0,0,0.85,FULL/DEFAULT,MUTATION_OR_DISAPPEAR
lobby/room_start,lobby/room_start.png,room_start,EntryF1,ACTION_AUTHORITY,148,44,46.12,5.47,"DUP(4):kk_start.png,room_start_alt.png,startGameBtn.png",0,0,0.85,FULL/DEFAULT,MUTATION_OR_DISAPPEAR
lobby/room_start_alt,lobby/room_start_alt.png,room_start,EntryF1,ACTION_AUTHORITY,148,44,46.12,5.47,"DUP(4):kk_start.png,room_start.png,startGameBtn.png",0,0,0.85,FULL/DEFAULT,MUTATION_OR_DISAPPEAR
lobby/startGameBtn,lobby/startGameBtn.png,room_start,EntryF1,ACTION_AUTHORITY,148,44,46.12,5.47,"DUP(4):kk_start.png,room_start.png,room_start_alt.png",0,0,0.85,FULL/DEFAULT,MUTATION_OR_DISAPPEAR
startGameBtn,startGameBtn.png,room_start,EntryF1,ACTION_AUTHORITY,90,26,94.31,7.17,DUP(2):roomStart.png,0,0,0.85,FULL/DEFAULT,MUTATION_OR_DISAPPEAR
lobby/stage_start_btn_direct,lobby/stage_start_btn_direct.png,stage_start,BeginGame,ACTION_AUTHORITY,156,66,69.65,6.99,,0,0,0.85,FULL/DEFAULT,MUTATION_OR_DISAPPEAR
lobby/stage_action_buttons,lobby/stage_action_buttons.png,stage_start,BeginGame,ACTION_AUTHORITY,375,160,49.15,7.03,,0,0,0.85,FULL/DEFAULT,MUTATION_OR_DISAPPEAR
lobby/roomStart,lobby/roomStart.png,stage_start,BeginGame,ACTION_AUTHORITY,90,26,94.31,7.17,DUP(2):startGameBtn.png,0,0,0.85,FULL/DEFAULT,MUTATION_OR_DISAPPEAR
lobby/startChallenge,lobby/startChallenge.png,stage_start,BeginGame,ACTION_AUTHORITY,88,22,103.5,6.31,,0,0,0.85,FULL/DEFAULT,MUTATION_OR_DISAPPEAR
startGameBtn,startGameBtn.png,stage_start,BeginGame,ACTION_AUTHORITY,90,26,94.31,7.17,DUP(2):roomStart.png,0,0,0.85,FULL/DEFAULT,MUTATION_OR_DISAPPEAR
stage,stage.png,stage_page,SelectStage,OBSERVATION_ONLY,248,119,52.76,7.36,,0,0,0.85,FULL/DEFAULT,NONE
stage1,stage1.png,stage_page,SelectStage,OBSERVATION_ONLY,42,25,79.74,6.36,,0,0,0.85,FULL/DEFAULT,NONE
stage2,stage2.png,stage_page,SelectStage,OBSERVATION_ONLY,42,25,82.98,6.59,,0,0,0.85,FULL/DEFAULT,NONE
stage3,stage3.png,stage_page,SelectStage,OBSERVATION_ONLY,42,25,83.59,6.55,,0,0,0.85,FULL/DEFAULT,NONE
stage4,stage4.png,stage_page,SelectStage,OBSERVATION_ONLY,42,25,89.97,6.32,,0,0,0.85,FULL/DEFAULT,NONE
kk_start,kk_start.png,lobby_start,EntryF1,ACTION_AUTHORITY,148,44,46.12,5.47,"DUP(4):room_start.png,room_start_alt.png,startGameBtn.png",0,0,0.85,FULL/DEFAULT,MUTATION_OR_DISAPPEAR
lobby/room_start,lobby/room_start.png,lobby_start,EntryF1,ACTION_AUTHORITY,148,44,46.12,5.47,"DUP(4):kk_start.png,room_start_alt.png,startGameBtn.png",0,0,0.85,FULL/DEFAULT,MUTATION_OR_DISAPPEAR
lobby/room_start_alt,lobby/room_start_alt.png,lobby_start,EntryF1,ACTION_AUTHORITY,148,44,46.12,5.47,"DUP(4):kk_start.png,room_start.png,startGameBtn.png",0,0,0.85,FULL/DEFAULT,MUTATION_OR_DISAPPEAR
lobby/startGameBtn,lobby/startGameBtn.png,lobby_start,EntryF1,ACTION_AUTHORITY,148,44,46.12,5.47,"DUP(4):kk_start.png,room_start.png,room_start_alt.png",0,0,0.85,FULL/DEFAULT,MUTATION_OR_DISAPPEAR
startGameBtn,startGameBtn.png,lobby_start,EntryF1,ACTION_AUTHORITY,90,26,94.31,7.17,DUP(2):roomStart.png,0,0,0.85,FULL/DEFAULT,MUTATION_OR_DISAPPEAR
kk_start,kk_start.png,lobby_room,EntryF1,ACTION_AUTHORITY,148,44,46.12,5.47,"DUP(4):room_start.png,room_start_alt.png,startGameBtn.png",0,0,0.85,FULL/DEFAULT,MUTATION_OR_DISAPPEAR
lobby/room_start,lobby/room_start.png,lobby_room,EntryF1,ACTION_AUTHORITY,148,44,46.12,5.47,"DUP(4):kk_start.png,room_start_alt.png,startGameBtn.png",0,0,0.85,FULL/DEFAULT,MUTATION_OR_DISAPPEAR
lobby/room_start_alt,lobby/room_start_alt.png,lobby_room,EntryF1,ACTION_AUTHORITY,148,44,46.12,5.47,"DUP(4):kk_start.png,room_start.png,startGameBtn.png",0,0,0.85,FULL/DEFAULT,MUTATION_OR_DISAPPEAR
lobby/startGameBtn,lobby/startGameBtn.png,lobby_room,EntryF1,ACTION_AUTHORITY,148,44,46.12,5.47,"DUP(4):kk_start.png,room_start.png,room_start_alt.png",0,0,0.85,FULL/DEFAULT,MUTATION_OR_DISAPPEAR
startGameBtn,startGameBtn.png,lobby_room,EntryF1,ACTION_AUTHORITY,90,26,94.31,7.17,DUP(2):roomStart.png,0,0,0.85,FULL/DEFAULT,MUTATION_OR_DISAPPEAR
lobby/lobby_refresh,lobby/lobby_refresh.png,lobby_refresh,CreateRoom,ACTION_AUTHORITY,40,30,13.19,1.85,,0,0,0.85,FULL/DEFAULT,MUTATION_OR_DISAPPEAR
lobby/lobby_room_list,lobby/lobby_room_list.png,lobby_room_list,CreateRoom,OBSERVATION_ONLY,90,27,38.76,1.35,,0,0,0.85,FULL/DEFAULT,NONE
lobby/lobby_room_list_selected,lobby/lobby_room_list_selected.png,lobby_room_list,CreateRoom,OBSERVATION_ONLY,75,25,30.39,0.96,,0,0,0.85,FULL/DEFAULT,NONE
lobby/lobby_room_list_tab,lobby/lobby_room_list_tab.png,lobby_room_list_tab,CreateRoom,ACTION_AUTHORITY,75,21,43.45,1.39,,0,0,0.85,FULL/DEFAULT,MUTATION_OR_DISAPPEAR
lobby/lobby_room_list_selected,lobby/lobby_room_list_selected.png,lobby_room_list_selected,CreateRoom,OBSERVATION_ONLY,75,25,30.39,0.96,,0,0,0.85,FULL/DEFAULT,NONE
lobby/lobby_search_box,lobby/lobby_search_box.png,lobby_search_box,CreateRoom,ACTION_AUTHORITY,185,30,17.78,1.84,,0,0,0.7,FULL/DEFAULT,MUTATION_OR_DISAPPEAR
lobby/lobby_search_icon,lobby/lobby_search_icon.png,lobby_search_icon,CreateRoom,ACTION_AUTHORITY,26,22,28.15,3.63,,0,0,0.85,FULL/DEFAULT,MUTATION_OR_DISAPPEAR
lobby/lobby_quick_join,lobby/lobby_quick_join.png,lobby_quick_join,CreateRoom,ACTION_AUTHORITY,135,20,5.58,0.85,,0,0,0.85,FULL/DEFAULT,MUTATION_OR_DISAPPEAR
lobby/lobby_3_4,lobby/lobby_3_4.png,lobby_join,CreateRoom,ACTION_AUTHORITY,37,24,2.98,0.73,,0,0,0.85,FULL/DEFAULT,MUTATION_OR_DISAPPEAR
lobby/lobby_quick_join,lobby/lobby_quick_join.png,lobby_join,CreateRoom,ACTION_AUTHORITY,135,20,5.58,0.85,,0,0,0.85,FULL/DEFAULT,MUTATION_OR_DISAPPEAR
lobby/lobby_3_4,lobby/lobby_3_4.png,lobby_3_4,CreateRoom,OBSERVATION_ONLY,37,24,2.98,0.73,,0,0,0.85,FULL/DEFAULT,NONE
lobby/lobby_popup_dialog,lobby/lobby_popup_dialog.png,lobby_popup_dialog,CreateRoom,OBSERVATION_ONLY,415,65,26.92,2.99,,0,0,0.85,FULL/DEFAULT,NONE
lobby/lobby_popup_leave,lobby/lobby_popup_leave.png,lobby_popup_leave,CreateRoom,ACTION_AUTHORITY,80,40,5.3,1.76,,0,0,0.85,FULL/DEFAULT,MUTATION_OR_DISAPPEAR
lobby/lobby_room_lock,lobby/lobby_room_lock.png,lobby_room_lock,CreateRoom,OBSERVATION_ONLY,30,24,2.99,0.73,,0,0,0.85,FULL/DEFAULT,NONE
lobby/room_cancel_ready,lobby/room_cancel_ready.png,room_cancel_ready,CreateRoom,OBSERVATION_ONLY,130,40,1.09,0.97,,0,0,0.85,FULL/DEFAULT,NONE
lobby/room_exit_btn,lobby/room_exit_btn.png,room_exit_btn,CreateRoom,OBSERVATION_ONLY,80,40,1.09,0.96,,0,0,0.85,FULL/DEFAULT,NONE
lobby/roomStart,lobby/roomStart.png,start,EntryF1,ACTION_AUTHORITY,90,26,94.31,7.17,DUP(2):startGameBtn.png,0,0,0.85,FULL/DEFAULT,MUTATION_OR_DISAPPEAR
startGameBtn,startGameBtn.png,start,EntryF1,ACTION_AUTHORITY,90,26,94.31,7.17,DUP(2):roomStart.png,0,0,0.85,FULL/DEFAULT,MUTATION_OR_DISAPPEAR
continueGame,continueGame.png,start,EntryF1,ACTION_AUTHORITY,95,25,56.51,7.04,,0,0,0.85,FULL/DEFAULT,MUTATION_OR_DISAPPEAR
jihuo,jihuo.png,start,EntryF1,ACTION_AUTHORITY,53,53,36.38,6.28,,0,0,0.85,FULL/DEFAULT,MUTATION_OR_DISAPPEAR
ok,ok.png,ok,ClickOKBtn,ACTION_AUTHORITY,43,20,35.18,6.83,,0,0,0.85,FULL/DEFAULT,MUTATION_OR_DISAPPEAR
yes,yes.png,ok,ClickOKBtn,ACTION_AUTHORITY,28,29,66.13,5.77,,0,0,0.85,FULL/DEFAULT,MUTATION_OR_DISAPPEAR
close,close.png,close,QuitGame,ACTION_AUTHORITY,20,20,41.93,5.58,,0,0,0.85,FULL/DEFAULT,MUTATION_OR_DISAPPEAR
failGiftClose,failGiftClose.png,close,QuitGame,ACTION_AUTHORITY,20,22,41.41,5.54,,0,0,0.85,FULL/DEFAULT,MUTATION_OR_DISAPPEAR
quit,quit.png,close,QuitGame,ACTION_AUTHORITY,75,24,77.47,6.9,,0,0,0.85,FULL/DEFAULT,MUTATION_OR_DISAPPEAR
fail,fail.png,fail,MonitorGameOver,ACTION_AUTHORITY,36,20,26.44,5.48,,0,0,0.85,FULL/DEFAULT,MUTATION_OR_DISAPPEAR
gameFail,gameFail.png,fail,MonitorGameOver,ACTION_AUTHORITY,96,96,53.37,7.5,,0,0,0.85,FULL/DEFAULT,MUTATION_OR_DISAPPEAR
giveUp,giveUp.png,giveup,MonitorGameOver,OBSERVATION_ONLY,42,20,20.68,5.95,,0,0,0.85,FULL/DEFAULT,NONE
gameDisconnect,gameDisconnect.png,disconnect,MonitorGameOver,ACTION_AUTHORITY,193,37,52.49,6.07,,0,0,0.85,FULL/DEFAULT,MUTATION_OR_DISAPPEAR
retryConnect,retryConnect.png,disconnect,MonitorGameOver,ACTION_AUTHORITY,33,20,37.7,6.61,,0,0,0.85,FULL/DEFAULT,MUTATION_OR_DISAPPEAR
pauseGame,pauseGame.png,pause,Run,OBSERVATION_ONLY,90,29,46.65,6.38,,0,0,0.85,FULL/DEFAULT,NONE
stage,stage.png,stage,SelectStage,OBSERVATION_ONLY,248,119,52.76,7.36,,0,0,0.85,FULL/DEFAULT,NONE
stage1,stage1.png,stage,SelectStage,OBSERVATION_ONLY,42,25,79.74,6.36,,0,0,0.85,FULL/DEFAULT,NONE
stage2,stage2.png,stage,SelectStage,OBSERVATION_ONLY,42,25,82.98,6.59,,0,0,0.85,FULL/DEFAULT,NONE
stage3,stage3.png,stage,SelectStage,OBSERVATION_ONLY,42,25,83.59,6.55,,0,0,0.85,FULL/DEFAULT,NONE
stage4,stage4.png,stage,SelectStage,OBSERVATION_ONLY,42,25,89.97,6.32,,0,0,0.85,FULL/DEFAULT,NONE
toHero,toHero.png,stage,SelectStage,OBSERVATION_ONLY,87,20,54.6,6.52,,0,0,0.85,FULL/DEFAULT,NONE
HeroChallenge,HeroChallenge.png,stage,SelectStage,OBSERVATION_ONLY,84,23,94.58,6.97,,0,0,0.85,FULL/DEFAULT,NONE
card_hide,card_hide.png,card_panel,CloseCardPanel,ACTION_AUTHORITY,94,26,73.1,7.52,DUP(2):bond_hide_btn.png,0,0,0.85,FULL/DEFAULT,MUTATION_OR_DISAPPEAR
hide,hide.png,card_panel,CloseCardPanel,ACTION_AUTHORITY,86,26,85.13,7.35,,0,0,0.85,FULL/DEFAULT,MUTATION_OR_DISAPPEAR
cardRefresh,cardRefresh.png,card_panel,CloseCardPanel,ACTION_AUTHORITY,53,26,82.68,7.02,,0,0,0.85,FULL/DEFAULT,MUTATION_OR_DISAPPEAR
heroRefresh,heroRefresh.png,card_panel,CloseCardPanel,ACTION_AUTHORITY,47,13,46.39,7.16,,0,0,0.85,FULL/DEFAULT,MUTATION_OR_DISAPPEAR
skill_hide,skill_hide.png,skill_panel,CloseSkillPanel,ACTION_AUTHORITY,82,25,80.05,7.55,,0,0,0.85,FULL/DEFAULT,MUTATION_OR_DISAPPEAR
noSkillNum,noSkillNum.png,skill_panel,CloseSkillPanel,ACTION_AUTHORITY,113,23,77.15,7.42,,0,0,0.85,FULL/DEFAULT,MUTATION_OR_DISAPPEAR
skillRefreshGift,skillRefreshGift.png,skill_panel,CloseSkillPanel,ACTION_AUTHORITY,53,17,53.6,7.02,,0,0,0.85,FULL/DEFAULT,MUTATION_OR_DISAPPEAR
skillchallenge,skillchallenge.png,skill_panel,CloseSkillPanel,ACTION_AUTHORITY,95,95,65.38,7.53,,0,0,0.85,FULL/DEFAULT,MUTATION_OR_DISAPPEAR
auto_task_off,auto_task_off.png,auto_task_toggle,ChangeMainLineStatus,ACTION_AUTHORITY,55,30,50.94,5.22,,0,0,0.85,FULL/DEFAULT,MUTATION_OR_DISAPPEAR
auto_task_on,auto_task_on.png,auto_task_toggle,ChangeMainLineStatus,ACTION_AUTHORITY,55,30,54.81,5.89,,0,0,0.85,FULL/DEFAULT,MUTATION_OR_DISAPPEAR
challenges/coin_challenge,challenges/coin_challenge.png,coin_challenge,FindNodeWithTimeOut,ACTION_AUTHORITY,75,24,70.39,6.79,,0,0,0.85,FULL/DEFAULT,MUTATION_OR_DISAPPEAR
challenges/wood_challenge,challenges/wood_challenge.png,wood_challenge,FindNodeWithTimeOut,ACTION_AUTHORITY,76,24,52.72,6.63,,0,0,0.85,FULL/DEFAULT,MUTATION_OR_DISAPPEAR
challenges/experience_challenge,challenges/experience_challenge.png,experience_challenge,FindNodeWithTimeOut,ACTION_AUTHORITY,76,24,52.07,6.45,,0,0,0.85,FULL/DEFAULT,MUTATION_OR_DISAPPEAR
challenges/treasure_challenge,challenges/treasure_challenge.png,treasure_challenge,FindNodeWithTimeOut,ACTION_AUTHORITY,76,24,60.42,7.06,,0,0,0.85,FULL/DEFAULT,MUTATION_OR_DISAPPEAR
longzhu,longzhu.png,longzhu,LongzhuJob,ACTION_AUTHORITY,40,24,36.15,5.89,,0,0,0.85,FULL/DEFAULT,MUTATION_OR_DISAPPEAR
longzhu2,longzhu2.png,longzhu,LongzhuJob,ACTION_AUTHORITY,83,20,33.61,5.83,,0,0,0.85,FULL/DEFAULT,MUTATION_OR_DISAPPEAR
closeLongzhu,closeLongzhu.png,longzhu,LongzhuJob,ACTION_AUTHORITY,79,20,57.3,6.79,,0,0,0.85,FULL/DEFAULT,MUTATION_OR_DISAPPEAR
treasurechest,treasurechest.png,treasure,FindAllMatchImages,ACTION_AUTHORITY,48,20,66.5,7.53,,0,0,0.85,FULL/DEFAULT,MUTATION_OR_DISAPPEAR
treasureRefreshGift,treasureRefreshGift.png,treasure,FindAllMatchImages,ACTION_AUTHORITY,51,13,61.04,7.22,,0,0,0.85,FULL/DEFAULT,MUTATION_OR_DISAPPEAR
baowushuaxin,baowushuaxin.png,treasure,FindAllMatchImages,ACTION_AUTHORITY,42,24,84.62,7.28,,0,0,0.85,FULL/DEFAULT,MUTATION_OR_DISAPPEAR
bwRefresh,bwRefresh.png,treasure,FindAllMatchImages,ACTION_AUTHORITY,49,25,81.55,7.31,,0,0,0.85,FULL/DEFAULT,MUTATION_OR_DISAPPEAR
2000baowu,2000baowu.png,treasure,FindAllMatchImages,ACTION_AUTHORITY,48,20,69.37,7.52,,0,0,0.85,FULL/DEFAULT,MUTATION_OR_DISAPPEAR
refresh,refresh.png,treasure,FindAllMatchImages,ACTION_AUTHORITY,42,26,79.84,7.27,,0,0,0.85,FULL/DEFAULT,MUTATION_OR_DISAPPEAR
shuaxinquan,shuaxinquan.png,treasure,FindAllMatchImages,ACTION_AUTHORITY,67,26,32.43,5.73,,0,0,0.85,FULL/DEFAULT,MUTATION_OR_DISAPPEAR
shuaxinquan3,shuaxinquan3.png,treasure,FindAllMatchImages,ACTION_AUTHORITY,35,54,27.53,6.07,,0,0,0.85,FULL/DEFAULT,MUTATION_OR_DISAPPEAR
woodgift,woodgift.png,wood,AutoGambling,OBSERVATION_ONLY,49,13,48.46,6.48,,0,0,0.85,FULL/DEFAULT,NONE
woodSuccess,woodSuccess.png,wood,AutoGambling,OBSERVATION_ONLY,231,20,38.1,6.7,,0,0,0.85,FULL/DEFAULT,NONE
damijing,damijing.png,secret,AutoSecretRealm,ACTION_AUTHORITY,72,25,96.89,7.14,,0,0,0.85,FULL/DEFAULT,MUTATION_OR_DISAPPEAR
mijingOk,mijingOk.png,secret,AutoSecretRealm,ACTION_AUTHORITY,23,26,70.29,5.96,,0,0,0.85,FULL/DEFAULT,MUTATION_OR_DISAPPEAR
kaogu,kaogu.png,secret,AutoSecretRealm,ACTION_AUTHORITY,114,51,72.32,7.66,,0,0,0.85,FULL/DEFAULT,MUTATION_OR_DISAPPEAR
kaoguMode,kaoguMode.png,secret,AutoSecretRealm,ACTION_AUTHORITY,89,25,70.26,6.11,,0,0,0.85,FULL/DEFAULT,MUTATION_OR_DISAPPEAR
boosIcon,boosIcon.png,boss_entry,GetBoss,ACTION_AUTHORITY,19,19,47.0,6.66,,0,0,0.85,FULL/DEFAULT,MUTATION_OR_DISAPPEAR
cjbBoss,cjbBoss.png,boss_entry,GetBoss,ACTION_AUTHORITY,71,71,68.15,7.79,,0,0,0.85,FULL/DEFAULT,MUTATION_OR_DISAPPEAR
cjbBossbak,cjbBossbak.png,boss_entry,GetBoss,ACTION_AUTHORITY,71,71,67.7,7.87,,0,0,0.85,FULL/DEFAULT,MUTATION_OR_DISAPPEAR
sgzxBoss,sgzxBoss.png,boss_entry,GetBoss,ACTION_AUTHORITY,68,69,58.55,7.71,,0,0,0.85,FULL/DEFAULT,MUTATION_OR_DISAPPEAR
cjbtiaozhan,cjbtiaozhan.png,boss_entry,GetBoss,ACTION_AUTHORITY,145,32,67.25,5.56,,0,0,0.85,FULL/DEFAULT,MUTATION_OR_DISAPPEAR
archiveChallenge,archiveChallenge.png,archive,FindNodeWithTimeOut,ACTION_AUTHORITY,84,22,73.1,6.55,,0,0,0.85,FULL/DEFAULT,MUTATION_OR_DISAPPEAR
cundang,cundang.png,archive,FindNodeWithTimeOut,ACTION_AUTHORITY,89,24,77.77,7.25,,0,0,0.85,FULL/DEFAULT,MUTATION_OR_DISAPPEAR
cundangInfo,cundangInfo.png,archive,FindNodeWithTimeOut,ACTION_AUTHORITY,37,20,68.23,6.63,,0,0,0.85,FULL/DEFAULT,MUTATION_OR_DISAPPEAR
tuanben,tuanben.png,archive,FindNodeWithTimeOut,ACTION_AUTHORITY,37,20,67.32,6.59,,0,0,0.85,FULL/DEFAULT,MUTATION_OR_DISAPPEAR
decompose,decompose.png,clean,AutoClean,ACTION_AUTHORITY,81,21,63.71,6.99,,0,0,0.85,FULL/DEFAULT,MUTATION_OR_DISAPPEAR
zhuangbei,zhuangbei.png,clean,AutoClean,ACTION_AUTHORITY,66,33,97.0,6.23,,0,0,0.85,FULL/DEFAULT,MUTATION_OR_DISAPPEAR
baoshi,baoshi.png,clean,AutoClean,ACTION_AUTHORITY,67,34,61.38,5.29,,0,0,0.85,FULL/DEFAULT,MUTATION_OR_DISAPPEAR
cibao,cibao.png,clean,AutoClean,ACTION_AUTHORITY,42,24,28.82,6.15,,0,0,0.85,FULL/DEFAULT,MUTATION_OR_DISAPPEAR
mainIdentifier,mainIdentifier.png,env_anchor,Valida,OBSERVATION_ONLY,215,30,63.28,6.13,,0,0,0.85,FULL/DEFAULT,NONE
shortKey,NOT_FOUND,env_anchor,Valida,OBSERVATION_ONLY,0,0,0.0,0.0,,0,0,0.85,FULL/DEFAULT,NONE
zidong,zidong.png,env_anchor,Valida,OBSERVATION_ONLY,33,17,37.47,6.12,,0,0,0.85,FULL/DEFAULT,NONE
r,r.png,rarity,FindCardImages,OBSERVATION_ONLY,59,43,28.02,4.39,,0,0,0.85,FULL/DEFAULT,NONE
sr,sr.png,rarity,FindCardImages,OBSERVATION_ONLY,72,47,24.22,4.14,,0,0,0.85,FULL/DEFAULT,NONE
ssr,ssr.png,rarity,FindCardImages,OBSERVATION_ONLY,91,51,50.95,4.77,,0,0,0.85,FULL/DEFAULT,NONE
ur,ur.png,rarity,FindCardImages,OBSERVATION_ONLY,86,51,18.88,4.39,,0,0,0.85,FULL/DEFAULT,NONE
ex,ex.png,rarity,FindCardImages,OBSERVATION_ONLY,63,41,59.32,5.31,,0,0,0.85,FULL/DEFAULT,NONE
hc,hc.png,rarity,FindCardImages,OBSERVATION_ONLY,48,21,45.75,6.4,,0,0,0.85,FULL/DEFAULT,NONE
pinfu,pinfu.png,quality,AutoClean,OBSERVATION_ONLY,13,33,51.93,7.12,,0,0,0.85,FULL/DEFAULT,NONE
pingfu1,pingfu1.png,quality,AutoClean,OBSERVATION_ONLY,20,42,52.93,7.1,,0,0,0.85,FULL/DEFAULT,NONE
pingfu2,pingfu2.png,quality,AutoClean,OBSERVATION_ONLY,21,44,42.34,6.98,,0,0,0.85,FULL/DEFAULT,NONE
pingfu3,pingfu3.png,quality,AutoClean,OBSERVATION_ONLY,21,44,48.48,7.36,,0,0,0.85,FULL/DEFAULT,NONE
pingfu4,pingfu4.png,quality,AutoClean,OBSERVATION_ONLY,21,44,52.03,7.46,,0,0,0.85,FULL/DEFAULT,NONE
pingfu6,pingfu6.png,quality,AutoClean,OBSERVATION_ONLY,21,44,42.05,7.09,,0,0,0.85,FULL/DEFAULT,NONE
1-23,1-23.png,wave_markers,ChangeMainLineStatus,OBSERVATION_ONLY,60,30,87.49,6.07,,0,0,0.85,FULL/DEFAULT,NONE
5-6,5-6.png,wave_markers,ChangeMainLineStatus,OBSERVATION_ONLY,42,25,71.88,6.26,,0,0,0.85,FULL/DEFAULT,NONE
5-7,5-7.png,wave_markers,ChangeMainLineStatus,OBSERVATION_ONLY,42,25,71.81,5.52,,0,0,0.85,FULL/DEFAULT,NONE
5-8,5-8.png,wave_markers,ChangeMainLineStatus,OBSERVATION_ONLY,42,25,77.85,5.06,,0,0,0.85,FULL/DEFAULT,NONE
5-9,5-9.png,wave_markers,ChangeMainLineStatus,OBSERVATION_ONLY,42,25,77.29,5.1,,0,0,0.85,FULL/DEFAULT,NONE
5-10,5-10.png,wave_markers,ChangeMainLineStatus,OBSERVATION_ONLY,51,26,76.3,6.1,,0,0,0.85,FULL/DEFAULT,NONE
