pkg,frame,ts,t_rel,kind,target,gold,gold_s,gold_rate,gold_rate_s,wood,wood_s,wood_rate,wood_rate_s,kill,kill_s,kill_rate,kill_rate_s,clock,clock_s,stage,stage_s,task,task_s,refresh_price,refresh_price_s,bond_price,bond_price_s
solo_ingame_chain_20260914_212509_916691,f0024_state_change,1789392419.3689556,-0.2,timeline,,1.42万,0.995,+74.2,0.99,617,0.997,+1.5,0.987,1850,0.995,+2.5,0.99,00:01,0.987,1-15,0.993,主线1-1,0.985,,,,
solo_ingame_chain_20260914_212509_916691,f0039_action_before,1789392435.269076,15.7,bond_pick,ocr_bond:祝福,1.66万,0.996,,,972,0.995,+1.5,0.988,1913,0.999,,,00:17,0.973,,,主线1-7,0.995,40,0.989,20,0.983
solo_ingame_chain_20260914_212509_916691,f0049_action_before,1789392448.2000976,28.6,bond_pick,ocr_bond:祝福,2.76万,0.96,,,1531,0.999,+1.5,0.988,2284,0.996,,,00:30,0.984,,,主线2-6,0.959,40,0.989,40,0.978
solo_ingame_chain_20260914_212509_916691,f0055_action_before,1789392454.6168144,35.0,bond_pick,ocr_bond:祝福,2.84万,0.989,,,1632,0.996,+1.5,0.988,2328,0.996,,,00:37,0.992,,,主线2-9,0.99,40,0.989,60,0.993
solo_ingame_chain_20260914_212509_916691,f0062_action_before,1789392464.1660433,44.6,bond_refresh,bond_refresh_btn,3.63万,0.995,,,2081,0.994,+1.5,0.988,2383,0.998,,,00:46,0.989,,,主线-4,0.968,40,0.989,80,0.993
solo_ingame_chain_20260914_212509_916691,f0064_action_before,1789392467.999847,48.4,bond_pick,ocr_bond:成长,4.06万,0.994,,,2212,0.993,+1.5,0.988,2408,0.989,,,00:50,0.989,,,主线3-6,0.919,60,0.981,聘,0.07
solo_ingame_chain_20260914_212509_916691,f0079_action_before,1789392485.301699,65.7,bond_pick,ocr_bond:法术,4.77万,0.993,,,2472,0.997,+1.5,0.988,2516,0.996,,,01:07,0.987,,,主线4-1,0.994,40,0.989,100,0.997
solo_ingame_chain_20260914_212509_916691,f0085_action_before,1789392491.7167673,72.1,bond_pick,ocr_bond:成长,4.85万,0.995,,,2433,0.997,+1.5,0.988,2561,0.997,,,01:14,0.978,,,主线4-2,0.994,40,0.989,100,0.997
solo_ingame_chain_20260914_212509_916691,f0093_action_before,1789392500.302411,80.7,bond_pick,ocr_bond:法术,4.94万,0.995,,,2446,0.998,+1.5,0.988,2619,0.994,,,01:22,0.989,,,主线4-4,0.994,40,0.989,100,0.997
solo_ingame_chain_20260914_212509_916691,f0105_action_before,1789392513.8845212,94.3,bond_pick,ocr_bond:成长,5.47万,0.996,,,2433,0.997,+1.6,0.991,2709,0.986,,,01:36,0.982,,,主线4-6,0.972,40,0.989,100,0.997
solo_ingame_chain_20260914_212509_916691,f0114_action_before,1789392524.4340162,104.8,bond_pick,ocr_bond:急速,5.58万,0.995,,,2352,0.996,+1.9,0.992,2768,0.997,,,01:46,0.981,,,主线4-6,0.972,40,0.989,100,0.997
solo_ingame_chain_20260914_212509_916691,f0121_action_before,1789392532.6169674,113.0,bond_refresh,bond_refresh_btn,5.71万,0.995,,,2368,0.996,+1.9,0.992,2846,0.998,,,01:54,0.992,,,主线4-日,0.982,40,0.989,100,0.997
solo_ingame_chain_20260914_212509_916691,f0123_action_before,1789392534.7929454,115.2,bond_pick,ocr_bond:急速,5.74万,0.995,,,2384,0.997,+1.9,0.992,2860,0.994,,,01:57,0.986,,,主线4-日,0.982,60,0.981,,0.0
solo_ingame_chain_20260914_212509_916691,f0132_action_before,1789392545.3499372,125.7,bond_pick,ocr_bond:魔能,5.85万,0.994,,,2304,0.993,+1.9,0.992,2923,0.996,,,02:07,0.992,,,主线4-日,0.982,40,0.989,100,0.997
solo_ingame_chain_20260914_212509_916691,f0145_action_before,1789392560.3020375,140.7,bond_pick,ocr_bond:经济,6.20万,0.992,,,2183,0.997,+1.9,0.992,3029,0.988,,,02:22,0.993,,,主线4-9,0.994,40,0.989,100,0.997
solo_ingame_chain_20260914_212509_916691,f0153_action_before,1789392568.5831094,149.0,bond_pick,ocr_bond:经济,6.29万,0.993,,,2149,0.996,+1.9,0.992,3092,0.99,,,02:30,0.987,,,主线4-10,0.995,40,0.989,100,0.997
solo_ingame_chain_20260914_212509_916691,f0159_action_before,1789392574.9006093,155.3,bond_pick,ocr_bond:魔能,6.38万,0.992,,,2181,0.996,+1.9,0.992,3141,0.997,,,02:37,0.99,,,主线4-10,0.995,40,0.989,100,0.997
solo_ingame_chain_20260914_212509_916691,f0166_action_before,1789392582.9332266,163.3,bond_refresh,bond_refresh_btn,6.47万,0.996,,,2097,0.997,+1.9,0.992,3195,0.999,,,02:45,0.987,,,主线4-10,0.995,40,0.989,100,0.997
solo_ingame_chain_20260914_212509_916691,f0177_action_before,1789392594.8533072,175.2,bond_refresh,bond_refresh_btn,7.03万,0.994,,,2100,0.977,+2.4,0.989,3278,0.995,,,02:57,0.993,,,主线5-1,0.988,40,0.989,100,0.997
solo_ingame_chain_20260914_212509_916691,f0179_action_before,1789392598.6912103,179.1,bond_refresh,bond_refresh_btn,7.07万,0.993,,,2067,0.996,+2.4,0.989,3298,0.996,,,03:00,0.98,,,主线5-1,0.988,60,0.981,,0.0
solo_ingame_chain_20260914_212509_916691,f0181_action_before,1789392602.8375587,183.2,bond_pick,ocr_bond:暴击,7.12万,0.994,,,2017,0.997,+2.4,0.989,3330,0.997,,,03:05,0.991,,,主线5-1,0.988,80,0.973,定模,0.099
solo_ingame_chain_20260914_212509_916691,f0188_action_before,1789392611.4676127,191.9,bond_refresh,bond_refresh_btn,7.24万,0.993,,,1990,0.996,+2.4,0.989,3399,0.998,,,03:13,0.974,,,主线5-2,0.991,40,0.989,100,0.997
solo_ingame_chain_20260914_212509_916691,f0190_action_before,1789392613.7154045,194.1,bond_pick,ocr_bond:暴击,7.26万,0.992,,,1955,0.999,+2.4,0.989,3411,0.998,,,03:15,0.978,,,主线5-2,0.991,60,0.981,,0.0
solo_ingame_chain_20260914_212509_916691,f0199_action_before,1789392624.4507403,204.8,bond_pick,ocr_bond:挑战,7.43万,0.994,,,1932,0.996,+2.4,0.989,3515,0.999,,,03:26,0.991,,,主线5-3,0.921,40,0.989,100,0.997
solo_ingame_chain_20260914_212509_916691,f0212_action_before,1789392639.7055557,220.1,bond_refresh,bond_refresh_btn,7.86万,0.989,,,1819,0.999,+2.4,0.989,3658,0.999,,,03:41,0.976,,,主线5-3,0.921,40,0.989,100,0.997
solo_ingame_chain_20260914_212509_916691,f0214_action_before,1789392643.8020308,224.2,bond_pick,ocr_bond:封神,7.92万,0.992,,,1839,0.998,+2.4,0.989,3697,0.997,,,03:45,0.98,,,主线5-4,0.992,60,0.981,,0.0
solo_ingame_chain_20260914_212509_916691,f0222_action_before,1789392652.4843464,232.9,bond_pick,ocr_bond:封神,8.04万,0.991,,,1761,0.998,+2.4,0.989,3761,0.997,,,03:54,0.992,,,主线5-4,0.992,40,0.989,100,0.997
solo_ingame_chain_20260914_212509_916691,f0228_action_before,1789392659.7272165,240.1,bond_pick,ocr_bond:挑战,8.16万,0.993,,,1729,0.997,+2.4,0.989,3826,0.997,,,04:01,0.993,,,主线5-5,0.994,40,0.989,100,0.997
solo_ingame_chain_20260914_212509_916691,f0235_action_before,1789392668.5521758,248.9,bond_refresh,bond_refresh_btn,8.32万,0.991,,,1793,0.999,+2.4,0.989,3900,0.981,,,04:10,0.978,,,主线5-5,0.994,40,0.989,100,0.997
solo_ingame_chain_20260914_212509_916691,f0237_action_before,1789392670.9720628,251.4,bond_pick,ocr_bond:封神,8.35万,0.991,,,1758,0.999,+2.4,0.989,3919,0.997,,,04:12,0.985,,,主线5-5,0.994,60,0.981,,0.0
solo_ingame_chain_20260914_212509_916691,f0252_action_before,1789392688.9168305,269.3,bond_pick,ocr_bond:贪婪,8.60万,0.991,,,1602,0.992,+2.4,0.989,4969,0.998,,,04:30,0.991,,,主线5-5,0.994,40,0.989,100,0.997
solo_ingame_chain_20260914_212509_916691,f0258_action_before,1789392696.1507144,276.5,bond_pick,ocr_bond:贪婪,8.73万,0.993,,,1670,0.997,+2.4,0.989,5024,0.997,,,04:38,0.991,,,主线5-5,0.994,40,0.989,100,0.997
solo_ingame_chain_20260914_212509_916691,f0267_action_before,1789392706.8179486,287.2,bond_refresh,bond_refresh_btn,20.1万,0.992,,,1712,0.997,+2.4,0.989,5177,0.995,,,04:48,0.987,,,主线5-6,0.973,40,0.989,100,0.997
solo_ingame_chain_20260914_212509_916691,f0269_action_before,1789392711.0665438,291.5,bond_refresh,bond_refresh_btn,20.4万,0.994,,,1682,0.996,+2.4,0.989,5282,0.997,,,04:52,0.996,,,主线5-6,0.973,60,0.981,,0.0
solo_ingame_chain_20260914_212509_916691,f0271_action_before,1789392715.0175736,295.4,bond_refresh,bond_refresh_btn,20.5万,0.993,,,1631,0.998,+2.4,0.989,5373,0.999,,,04:56,0.995,,,主线5-6,0.973,80,0.973,国,0.171
solo_ingame_chain_20260914_212509_916691,f0273_action_before,1789392717.2997863,297.7,bond_pick,ocr_bond:封神,20.6万,0.994,,,1559,0.998,+2.4,0.989,5432,0.998,,,04:59,0.996,,,主线5-6,0.973,100,0.988,,0.0
solo_ingame_chain_20260914_212509_916691,f0298_action_before,1789392749.4829965,329.9,timeline,,22万,0.975,+104.2,0.994,1818,0.999,+2.4,0.989,6462,0.998,+3.5,0.995,05:31,0.991,1-15,0.993,主线5-日,0.972,,,,
solo_ingame_chain_20260914_212509_916691,f0321_action_before,1789392778.8845377,359.3,timeline,,22.8万,0.994,+104.2,0.994,2266,0.994,+2.4,0.989,6802,0.996,+3.5,0.995,06:00,0.989,1-15,0.993,主线5-9,0.991,,,,
solo_ingame_chain_20260914_212509_916691,f0345_action_after,1789392809.2004716,389.6,timeline,,24.2万,0.995,+104.2,0.995,2420,0.99,+2.4,0.99,7265,0.996,+3.5,0.995,06:30,0.992,1-15,0.993,主线-1,0.965,,,,
solo_ingame_chain_20260914_212509_916691,f0370_action_before,1789392839.9381714,420.3,timeline,,24.8万,0.995,+104.2,0.995,2689,0.997,+2.4,0.99,7758,0.995,+3.5,0.995,07:01,0.996,1-15,0.993,主线-1,0.965,,,,
solo_ingame_chain_20260914_212509_916691,f0394_action_after,1789392870.0030468,450.4,timeline,,25.8万,0.995,+104.2,0.994,2813,0.998,+2.4,0.989,8294,0.996,+3.5,0.995,07:31,0.991,1-15,0.993,主线6-1,0.971,,,,
solo_ingame_chain_20260914_212509_916691,f0419_state_change,1789392899.8678725,480.3,timeline,,26.4万,0.993,+104.2,0.994,2887,0.997,+2.4,0.989,8805,0.997,+3.5,0.995,08:01,0.991,1-15,0.993,主线6-1,0.971,,,,
solo_ingame_chain_20260914_212509_916691,f0442_state_change,1789392928.6790564,509.1,timeline,,27.5万,0.994,+104.2,0.994,3148,0.998,+2.4,0.989,9349,0.998,+3.5,0.995,08:29,0.992,1-15,0.993,主线6-1,0.971,,,,
solo_ingame_chain_20260914_212509_916691,f0462_action_before,1789392956.6035314,537.0,bond_refresh,bond_refresh_btn,30.1万,0.992,,,3018,0.993,+2.4,0.989,9904,0.994,,,08:57,0.993,,,主线6-1,0.971,40,0.989,100,0.997
solo_ingame_chain_20260914_212509_916691,f0464_action_before,1789392960.8548741,541.2,bond_refresh,bond_refresh_btn,30.2万,0.992,,,2988,0.997,+2.4,0.989,9963,0.999,,,09:01,0.995,,,主线6-1,0.971,60,0.981,,0.0
solo_ingame_chain_20260914_212509_916691,f0466_action_before,1789392963.3371673,543.7,bond_pick,ocr_bond:封神,30.2万,0.992,,,2935,0.997,+2.4,0.989,1.00月,0.908,,,09:04,0.995,,,主线6-1,0.971,80,0.973,,0.0
solo_ingame_chain_20260914_212509_916691,f0474_action_before,1789392971.819047,552.2,bond_pick,ocr_bond:封神,30.4万,0.993,,,2855,0.997,+2.4,0.989,1.01月,0.885,,,09:12,0.987,,,主线6-1,0.971,40,0.989,100,0.997
solo_ingame_chain_20260914_212509_916691,f0481_action_before,1789392980.5041728,560.9,bond_refresh,bond_refresh_btn,31.2万,0.991,,,2777,0.997,+2.4,0.989,1.03月,0.91,,,09:21,0.995,,,主线6-1,0.971,40,0.989,100,0.997
solo_ingame_chain_20260914_212509_916691,f0483_action_before,1789392982.9360886,563.3,bond_pick,ocr_bond:封神,31.2万,0.991,,,2742,0.996,+2.4,0.989,1.04月,0.908,,,09:23,0.994,,,主线6-1,0.971,60,0.981,,0.0
solo_ingame_chain_20260914_212509_916691,f0490_action_before,1789392991.8194683,572.2,bond_refresh,bond_refresh_btn,31.4万,0.993,,,2878,0.998,+2.4,0.989,1.06月,0.887,,,09:32,0.995,,,主线6-1,0.971,40,0.989,100,0.997
solo_ingame_chain_20260914_212509_916691,f0492_action_before,1789392995.8032534,576.2,bond_refresh,bond_refresh_btn,31.5万,0.993,,,2896,0.997,+2.4,0.99,1.06月,0.888,,,09:36,0.994,,,主线6-1,0.971,60,0.981,,0.0
solo_ingame_chain_20260914_212509_916691,f0494_action_before,1789392999.8532917,580.2,bond_refresh,bond_refresh_btn,31.6万,0.994,,,2940,0.995,+2.4,0.989,1.07月,0.928,,,09:40,0.988,,,主线6-1,0.971,80,0.973,,0.0
solo_ingame_chain_20260914_212509_916691,f0510_state_change,1789393019.1039455,599.5,timeline,,32万,0.977,+104.2,0.995,2907,0.996,+2.4,0.99,1.11万,0.916,+3.5,0.995,09:59,0.997,1-15,0.993,主线-1,0.965,,,,
solo_ingame_chain_20260914_212509_916691,f0516_action_after,1789393035.469607,615.9,timeline,,32.8万,0.993,+104.2,0.995,2949,0.998,+2.4,0.99,1.26万,0.919,+3.5,0.995,10:16,0.986,1-15,0.993,主线-1,0.965,,,,
solo_ingame_chain_20260914_212509_916691,f0518_state_change,1789393218.036456,798.4,timeline,,40.1万,0.993,+104.2,0.995,3970,0.998,+2.4,0.99,1.78万,0.904,+3.5,0.995,13:18,0.991,1-15,0.993,主线-1,0.965,,,,
solo_ingame_chain_20260914_212509_916691,f0520_state_change,1789393377.0055144,957.4,timeline,,46.5万,0.994,+104.2,0.995,4695,0.999,+2.4,0.99,2.27万,0.906,+3.5,0.995,15:57,0.997,1-15,0.993,主线-1,0.965,,,,
solo_ingame_chain_20260914_212509_916691,f0528_action_after,1789393589.2701318,1169.7,timeline,,58.5万,0.994,+104.2,0.995,5753,0.999,+2.4,0.99,获,0.701,玉石,0.886,19:27,0.998,1-15,0.993,炭,0.996,,,,
solo_ingame_chain_20260914_212509_916691,f0563_action_before,1789393619.9389393,1200.3,timeline,,58.5万,0.994,+104.2,0.995,5753,0.999,+2.4,0.99,2.90月,0.878,+3.5,0.995,19:57,0.997,1-15,0.993,,0.0,,,,
solo_ingame_chain_20260914_212509_916691,f0579_state_change,1789393649.44187,1229.8,timeline,,58.9万,0.993,+104.2,0.995,5768,0.999,+2.4,0.99,2.90月,0.878,+3.5,0.995,20:27,0.996,1-15,0.993,,0.0,,,,
solo_ingame_chain_20260914_225835_837539,f0030_state_change,1789398028.9767692,-0.2,timeline,,1.42万,0.995,+74.2,0.99,617,0.997,+1.5,0.987,1850,0.995,+2.5,0.99,00:01,0.987,1-21,0.992,主线1-1,0.985,,,,
solo_ingame_chain_20260914_225835_837539,f0045_action_before,1789398045.7759004,16.6,bond_pick,ocr_bond:祝福,1.64万,0.996,,,1073,0.998,+1.5,0.988,1925,0.998,,,00:18,0.972,,,主线1-9,0.983,40,0.989,20,0.983
solo_ingame_chain_20260914_225835_837539,f0053_action_before,1789398055.292015,26.1,bond_pick,ocr_bond:祝福,2.10万,0.991,,,1305,0.997,+1.5,0.988,2265,0.996,,,00:28,0.984,,,主线2-ヨ,0.928,40,0.989,40,0.978
solo_ingame_chain_20260914_225835_837539,f0066_action_before,1789398070.592829,41.4,bond_refresh,bond_refresh_btn,2.74万,0.994,,,1697,0.997,+1.5,0.988,2344,0.998,,,00:43,0.987,,,主线2-日,0.982,40,0.989,80,0.993
solo_ingame_chain_20260914_225835_837539,f0068_action_before,1789398074.693768,45.5,bond_pick,ocr_bond:法术,2.77万,0.991,,,1714,0.999,+1.5,0.988,2365,0.998,,,00:47,0.986,,,主线2-9,0.99,60,0.981,,0.0
solo_ingame_chain_20260914_225835_837539,f0084_action_before,1789398093.2757676,64.1,bond_pick,ocr_bond:法术,3.21万,0.991,,,1809,0.997,+1.5,0.988,2475,0.997,,,01:05,0.988,,,主线-2,0.981,40,0.989,100,0.997
solo_ingame_chain_20260914_225835_837539,f0091_action_before,1789398102.008954,72.8,bond_refresh,bond_refresh_btn,3.29万,0.991,,,1773,0.999,+1.5,0.987,2532,0.996,,,01:14,0.978,,,主线-ヨ,0.913,40,0.989,100,0.997
solo_ingame_chain_20260914_225835_837539,f0093_action_before,1789398105.7920902,76.6,bond_refresh,bond_refresh_btn,3.34万,0.991,,,1789,0.997,+1.5,0.988,2567,0.997,,,01:18,0.962,,,主线-4,0.968,60,0.981,,0.0
solo_ingame_chain_20260914_225835_837539,f0103_action_before,1789398118.2643359,89.0,bond_pick,ocr_bond:魔术,3.45万,0.993,,,1698,0.998,+1.5,0.988,2649,0.997,,,01:30,0.977,,,主线-5,0.985,40,0.989,100,0.997
solo_ingame_chain_20260914_225835_837539,f0117_action_before,1789398136.308428,107.1,bond_pick,ocr_bond:急速,3.81万,0.992,,,1634,0.999,+1.5,0.988,2765,0.998,,,01:48,0.974,,,主线3-6,0.919,40,0.989,100,0.997
solo_ingame_chain_20260914_225835_837539,f0126_action_before,1789398146.5112965,117.3,bond_refresh,bond_refresh_btn,4.20万,0.992,,,1600,0.99,+1.5,0.988,2848,0.998,,,01:59,0.993,,,主线-7,0.986,40,0.989,100,0.997
solo_ingame_chain_20260914_225835_837539,f0134_action_before,1789398157.5249455,128.3,bond_pick,ocr_bond:成长,4.30万,0.989,,,1477,0.998,+1.5,0.988,2926,0.995,,,02:09,0.993,,,主线-7,0.986,40,0.989,100,0.997
solo_ingame_chain_20260914_225835_837539,f0149_action_before,1789398174.4468408,145.2,bond_refresh,bond_refresh_btn,4.55万,0.993,,,1354,0.999,+1.5,0.988,3055,0.998,,,02:26,0.993,,,主线-日,0.927,40,0.989,100,0.997
solo_ingame_chain_20260914_225835_837539,f0151_action_before,1789398176.609459,147.4,bond_pick,ocr_bond:成长,4.57万,0.994,,,1317,0.999,+1.5,0.988,3072,0.982,,,02:29,0.994,,,主线-日,0.927,60,0.981,,0.0
solo_ingame_chain_20260914_225835_837539,f0166_action_before,1789398193.4261925,164.2,bond_pick,ocr_bond:经济,4.74万,0.993,,,1257,0.998,+1.8,0.993,3201,0.974,,,02:45,0.987,,,主线-9,0.975,40,0.989,100,0.997
solo_ingame_chain_20260914_225835_837539,f0172_action_before,1789398200.0432985,170.8,bond_pick,ocr_bond:经济,4.81万,0.992,,,1171,0.998,+1.8,0.993,3254,0.998,,,02:52,0.995,,,主线-9,0.975,40,0.989,100,0.997
solo_ingame_chain_20260914_225835_837539,f0186_action_before,1789398215.4931402,186.3,bond_pick,ocr_bond:经济,4.96万,0.993,,,1049,0.997,+1.8,0.993,3375,0.998,,,03:07,0.989,,,主线-10,0.968,40,0.989,100,0.997
solo_ingame_chain_20260914_225835_837539,f0199_action_before,1789398230.9092958,201.7,bond_refresh,bond_refresh_btn,5.16万,0.994,,,936,0.991,+2.3,0.991,3545,0.999,,,03:23,0.99,,,主线-10,0.968,40,0.989,100,0.997
solo_ingame_chain_20260914_225835_837539,f0201_action_before,1789398234.941951,205.7,bond_pick,ocr_bond:挑战,5.20万,0.992,,,906,0.993,+2.3,0.991,3578,0.997,,,03:27,0.988,,,主线-10,0.968,60,0.981,,0.0
solo_ingame_chain_20260914_225835_837539,f0215_action_before,1789398250.193314,221.0,bond_pick,ocr_bond:挑战,5.68万,0.996,,,849,0.992,+2.3,0.991,3728,0.997,,,03:42,0.981,,,主线4-1,0.994,40,0.989,100,0.997
solo_ingame_chain_20260914_225835_837539,f0222_action_before,1789398258.6280925,229.4,bond_refresh,bond_refresh_btn,5.77万,0.994,,,768,0.992,+2.3,0.991,3804,0.994,,,03:50,0.99,,,主线4-1,0.994,40,0.989,100,0.997
solo_ingame_chain_20260914_225835_837539,f0233_action_before,1789398273.1612618,243.9,bond_refresh,bond_refresh_btn,5.96万,0.994,,,934,0.996,+2.3,0.991,3965,0.999,,,04:05,0.994,,,主线4-2,0.994,40,0.989,100,0.997
solo_ingame_chain_20260914_225835_837539,f0235_action_before,1789398275.4442077,246.2,bond_pick,ocr_bond:贪婪,5.98万,0.994,,,899,0.99,+2.3,0.991,3987,0.997,,,04:07,0.992,,,主线4-2,0.994,60,0.981,,0.0
solo_ingame_chain_20260914_225835_837539,f0242_action_before,1789398284.3774312,255.2,bond_refresh,bond_refresh_btn,6.70万,0.992,,,871,0.996,+2.3,0.991,4105,0.995,,,04:16,0.986,,,主线4-2,0.994,40,0.989,100,0.997
solo_ingame_chain_20260914_225835_837539,f0253_action_before,1789398297.0119414,267.8,bond_pick,ocr_bond:智力,6.86万,0.995,,,762,0.988,+2.3,0.991,5138,0.999,,,04:29,0.995,,,主线4-2,0.994,40,0.989,100,0.997
solo_ingame_chain_20260914_225835_837539,f0265_action_before,1789398310.6962981,281.5,bond_pick,ocr_bond:智力,7.01万,0.992,,,643,0.997,+2.3,0.991,5291,0.997,,,04:42,0.992,,,主线4-2,0.994,40,0.989,100,0.997
solo_ingame_chain_20260914_225835_837539,f0280_action_before,1789398327.9606473,298.7,bond_pick,ocr_bond:暴击,7.37万,0.989,,,483,0.997,+2.3,0.991,5497,0.998,,,05:00,0.992,,,主线4-2,0.994,40,0.989,100,0.997
solo_ingame_chain_20260914_225835_837539,f0286_action_before,1789398334.7775862,305.6,bond_pick,ocr_bond:智力,7.46万,0.994,,,400,0.984,+2.3,0.991,5588,0.998,,,05:06,0.993,,,主线4-2,0.994,40,0.989,100,0.997
solo_ingame_chain_20260914_225835_837539,f0301_action_before,1789398351.794074,322.6,bond_pick,ocr_bond:力量,7.69万,0.993,,,387,0.996,+2.3,0.991,5842,0.999,,,05:23,0.994,,,主线4-2,0.994,40,0.989,100,0.997
solo_ingame_chain_20260914_225835_837539,f0315_action_before,1789398367.4632053,338.2,bond_pick,ocr_bond:力量,7.89万,0.988,,,249,0.989,+2.3,0.991,6048,0.996,,,05:39,0.994,,,主线4-2,0.994,40,0.989,100,0.997
solo_ingame_chain_20260914_225835_837539,f0322_action_before,1789398376.1281178,346.9,bond_refresh,bond_refresh_btn,8.00万,0.99,,,170,0.99,+2.3,0.991,6174,0.998,,,05:48,0.983,,,主线4-2,0.994,40,0.989,100,0.997
solo_ingame_chain_20260914_225835_837539,f0324_action_before,1789398380.380085,351.2,bond_refresh,bond_refresh_btn,8.05万,0.992,,,140,0.993,+2.3,0.991,6222,0.993,,,05:52,0.996,,,主线4-2,0.994,60,0.981,,0.0
solo_ingame_chain_20260914_225835_837539,f0334_action_before,1789398393.2617006,364.0,bond_pick,ocr_bond:封神,8.71万,0.994,,,18,0.994,+2.3,0.991,6587,0.998,,,06:05,0.996,,,主线4-2,0.994,40,0.991,100,0.997
solo_ingame_chain_20260914_225835_837539,f0353_action_after,1789398418.7782097,389.6,timeline,,9.24万,0.994,+94.2,0.997,128,0.992,+2.3,0.99,7240,0.985,+3.5,0.995,06:30,0.991,1-21,0.992,主线4-2,0.994,,,,
solo_ingame_chain_20260914_225835_837539,f0377_state_change,1789398449.3456848,420.1,timeline,,10.4万,0.994,+94.2,0.996,322,0.986,+2.3,0.991,7722,0.99,+3.5,0.995,07:01,0.995,1-21,0.992,主线4-ヨ,0.947,,,,
solo_ingame_chain_20260914_225835_837539,f0401_state_change,1789398479.6124067,450.4,timeline,,11.1万,0.995,+94.2,0.996,494,0.997,+2.3,0.991,8248,0.998,+3.5,0.995,07:31,0.991,1-21,0.992,主线4-5,0.994,,,,
solo_ingame_chain_20260914_225835_837539,f0424_state_change,1789398509.0283968,479.8,timeline,,11.7万,0.994,+104.2,0.994,720,0.965,+2.4,0.989,8753,0.998,+3.5,0.995,08:00,0.983,1-21,0.992,主线4-6,0.972,,,,
solo_ingame_chain_20260914_225835_837539,f0447_action_after,1789398539.0620358,509.8,timeline,,12.4万,0.995,+104.2,0.995,965,0.996,+2.4,0.99,9362,0.998,+3.5,0.995,08:30,0.986,1-21,0.992,主线4-日,0.985,,,,
solo_ingame_chain_20260914_225835_837539,f0469_action_before,1789398569.1823874,540.0,timeline,,12.9万,0.993,+104.2,0.995,1140,0.997,+2.4,0.99,9943,0.999,+3.5,0.995,09:00,0.988,1-21,0.992,主线4-10,0.996,,,,
solo_ingame_chain_20260914_225835_837539,f0491_state_change,1789398598.8453372,569.6,timeline,,13.6万,0.994,+104.2,0.995,1285,0.998,+2.4,0.99,1.05月,0.895,+3.5,0.995,09:30,0.993,1-21,0.992,主线4-10,0.996,,,,
solo_ingame_chain_20260914_225835_837539,f0514_action_before,1789398628.329386,599.1,timeline,,14.3万,0.994,+104.2,0.994,1564,0.999,+2.4,0.989,1.11万,0.902,+3.5,0.995,09:59,0.996,1-21,0.992,主线5-2,0.991,,,,
solo_ingame_chain_20260914_225835_837539,f0536_state_change,1789398658.1145554,628.9,timeline,,16.4万,0.994,+104.2,0.996,1739,0.998,+2.4,0.989,1.18月,0.91,+3.5,0.995,10:29,0.996,1-21,0.992,主线5-4,0.993,,,,
solo_ingame_chain_20260914_225835_837539,f0548_action_before,1789398672.7468233,643.5,bond_pick,ocr_bond:封神,16.6万,0.994,,,1623,0.997,+2.4,0.989,1.20月,0.898,,,10:44,0.997,,,主线5-5,0.994,40,0.989,100,0.997
solo_ingame_chain_20260914_225835_837539,f0555_action_before,1789398681.4489908,652.2,bond_refresh,bond_refresh_btn,16.8万,0.994,,,1617,0.998,+2.4,0.989,1.23万,0.888,,,10:52,0.996,,,主线5-5,0.994,40,0.989,100,0.997
solo_ingame_chain_20260914_225835_837539,f0564_action_before,1789398692.463982,663.2,bond_refresh,bond_refresh_btn,17万,0.981,,,1504,0.998,+2.4,0.989,1.25万,0.908,,,11:03,0.994,,,主线5-5,0.994,40,0.989,100,0.997
solo_ingame_chain_20260914_225835_837539,f0566_action_before,1789398696.563865,667.3,bond_refresh,bond_refresh_btn,17万,0.98,,,1474,0.999,+2.4,0.989,1.26万,0.899,,,11:07,0.996,,,主线5-5,0.994,60,0.981,,0.0
solo_ingame_chain_20260914_225835_837539,f0568_action_before,1789398700.6154852,671.4,bond_refresh,bond_refresh_btn,17.1万,0.996,,,1424,0.998,+2.4,0.989,1.27月,0.897,,,11:11,0.983,,,主线5-5,0.994,80,0.973,,0.0
solo_ingame_chain_20260914_225835_837539,f0570_action_before,1789398702.9792516,673.8,bond_pick,card_hide,17.1万,0.996,,,1351,0.998,+2.4,0.989,1.27月,0.897,,,11:14,0.989,,,主线5-5,0.994,100,0.988,,0.0
solo_ingame_chain_20260914_225835_837539,f0582_action_after,1789398716.7803557,687.6,timeline,,27.6万,0.995,+104.2,0.995,1491,0.999,+2.4,0.99,1.30月,0.899,+3.5,0.995,11:28,0.994,1-21,0.992,主线5-6,0.971,,,,
solo_ingame_chain_20260914_225835_837539,f0583_state_change,1789398897.53179,868.3,timeline,,32.2万,0.993,+104.2.,0.99,2676,0.998,+2.4,0.99,1.71万,0.938,+3.5,0.995,14:28,0.998,1-21,0.992,主线5-10,0.989,,,,
solo_ingame_chain_20260914_225835_837539,f0590_action_before,1789398927.5361788,898.3,bond_refresh,bond_refresh_btn,32.9万,0.993,,,2821,0.996,+2.4,0.989,1.76月,0.882,,,14:57,0.998,,,主线5-10,0.987,100,0.984,100,0.997
solo_ingame_chain_20260914_225835_837539,f0592_action_before,1789398930.2134838,901.0,bond_refresh,bond_refresh_btn,33.6万,0.994,,,2729,0.995,+2.4,0.989,1.77月,0.912,,,15:00,0.997,,,主线5-10,0.987,100,0.988,,0.0
solo_ingame_chain_20260914_225835_837539,f0594_action_before,1789398932.6023138,903.4,bond_refresh,bond_refresh_btn,33.6万,0.994,,,2634,0.997,+2.4,0.989,1.78月,0.886,,,15:02,0.998,,,主线5-10,0.987,100,0.988,,0.0
solo_ingame_chain_20260914_225835_837539,f0615_action_after,1789398958.9448087,929.7,timeline,,34.4万,0.995,+104.2,0.995,2600,0.981,+2.4,0.991,获,0.792,玉石,0.905,15:29,0.997,1-21,0.992,炭,0.996,,,,
solo_ingame_chain_20260914_225835_837539,f0638_action_before,1789398991.5513957,962.3,bond_refresh,bond_refresh_btn,34.4万,0.994,,,2600,0.971,+2.4,0.989,1.82万,0.909,,,16:01,0.997,,,,0.0,100,0.983,100,0.997
solo_ingame_chain_20260914_225835_837539,f0640_action_before,1789398994.1132715,964.9,bond_pick,ocr_bond:封神,34.4万,0.994,,,2500,0.978,+2.4,0.989,1.82万,0.908,,,16:03,0.997,,,,0.0,100,0.988,一,0.235
solo_ingame_chain_20260914_225835_837539,f0648_action_before,1789399006.6501555,977.4,bond_refresh,bond_refresh_btn,34.6万,0.994,,,2408,0.994,+2.4,0.989,1.82万,0.908,,,16:16,0.99,,,,0.0,40,0.989,100,0.997
solo_ingame_chain_20260915_000229_642428,f0030_state_change,1789401860.13476,-0.2,timeline,,1.42万,0.995,+74.2,0.99,617,0.997,+1.5,0.987,1850,0.995,+2.5,0.99,00:02,0.988,1-21,0.992,主线1-1,0.985,,,,
solo_ingame_chain_20260915_000229_642428,f0045_action_before,1789401877.1957426,16.8,bond_pick,ocr_bond:祝福,1.64万,0.996,,,1073,0.998,+1.5,0.988,1925,0.998,,,00:19,0.982,,,主线1-9,0.983,40,0.989,20,0.983
solo_ingame_chain_20260915_000229_642428,f0054_action_before,1789401888.0446556,27.7,bond_pick,ocr_bond:祝福,2.12万,0.995,,,1408,0.997,+1.5,0.988,2280,0.981,,,00:30,0.984,,,主线2-5,0.993,40,0.989,40,0.978
solo_ingame_chain_20260915_000229_642428,f0060_action_before,1789401894.8120801,34.4,bond_pick,ocr_bond:祝福,2.37万,0.991,,,1466,0.998,+1.5,0.988,2310,0.988,,,00:36,0.991,,,主线2-6,0.959,40,0.989,60,0.993
solo_ingame_chain_20260915_000229_642428,f0067_action_before,1789401903.24571,42.9,bond_pick,ocr_bond:成长,2.75万,0.993,,,1749,0.998,+1.5,0.988,2355,0.998,,,00:45,0.99,,,主线2-9,0.99,40,0.989,80,0.993
solo_ingame_chain_20260915_000229_642428,f0075_action_before,1789401911.761518,51.4,bond_pick,ocr_bond:成长,2.83万,0.994,,,1713,0.999,+1.5,0.988,2396,0.997,,,00:53,0.991,,,主线2-10,0.984,40,0.989,100,0.997
solo_ingame_chain_20260915_000229_642428,f0082_action_before,1789401920.3459718,60.0,bond_pick,ocr_bond:法术,3.10万,0.99,,,1783,0.999,+1.5,0.988,2439,0.996,,,01:02,0.989,,,主线-2,0.981,40,0.989,100,0.997
solo_ingame_chain_20260915_000229_642428,f0088_action_before,1789401927.2659698,66.9,bond_pick,ocr_bond:成长,3.24万,0.993,,,1753,0.999,+1.5,0.988,2497,0.996,,,01:09,0.992,,,主线-2,0.981,40,0.989,100,0.997
solo_ingame_chain_20260915_000229_642428,f0096_action_before,1789401935.8447402,75.5,bond_pick,ocr_bond:法术,3.33万,0.99,,,1717,0.999,+1.5,0.988,2558,0.997,,,01:17,0.949,,,主线-ヨ,0.913,40,0.989,100,0.997
solo_ingame_chain_20260915_000229_642428,f0102_action_before,1789401942.5649447,82.2,bond_pick,ocr_bond:法术,3.39万,0.988,,,1679,0.998,+1.5,0.988,2609,0.983,,,01:24,0.988,,,主线-4,0.968,40,0.989,100,0.997
solo_ingame_chain_20260915_000229_642428,f0118_action_before,1789401961.3981185,101.0,bond_pick,ocr_bond:魔能,3.56万,0.993,,,1557,0.999,+1.5,0.988,2726,0.995,,,01:43,0.972,,,主线-5,0.985,40,0.989,100,0.997
solo_ingame_chain_20260915_000229_642428,f0124_action_before,1789401968.1655393,107.8,bond_pick,ocr_bond:成长,3.82万,0.994,,,1575,0.999,+1.5,0.988,2773,0.996,,,01:49,0.987,,,主线3-6,0.919,40,0.989,100,0.997
solo_ingame_chain_20260915_000229_642428,f0130_action_before,1789401974.9310544,114.5,bond_pick,ocr_bond:急速,3.89万,0.993,,,1488,0.998,+1.8,0.993,2817,0.994,,,01:56,0.99,,,主线3-6,0.919,40,0.989,100,0.997
solo_ingame_chain_20260915_000229_642428,f0139_action_before,1789401985.4298496,125.0,bond_pick,ocr_bond:魔术,4.00万,0.992,,,1507,0.997,+1.8,0.993,2905,0.993,,,02:07,0.992,,,主线-7,0.986,40,0.989,100,0.997
solo_ingame_chain_20260915_000229_642428,f0145_action_before,1789401992.7470055,132.4,bond_pick,ocr_bond:魔术,4.07万,0.994,,,1422,0.993,+1.8,0.993,2965,0.998,,,02:14,0.981,,,主线-7,0.986,40,0.989,100,0.997
solo_ingame_chain_20260915_000229_642428,f0151_action_before,1789401999.830319,139.4,bond_pick,ocr_bond:魔能,4.23万,0.992,,,1385,0.998,+1.8,0.993,3026,0.991,,,02:21,0.992,,,主线-日,0.927,40,0.989,100,0.997
solo_ingame_chain_20260915_000229_642428,f0160_action_before,1789402010.4834986,150.1,bond_refresh,bond_refresh_btn,4.33万,0.988,,,1304,0.997,+1.8,0.993,3097,0.992,,,02:32,0.992,,,主线-日,0.927,40,0.989,100,0.997
solo_ingame_chain_20260915_000229_642428,f0162_action_before,1789402014.4135363,154.0,bond_pick,ocr_bond:敏捷,4.37万,0.99,,,1330,0.995,+1.8,0.993,3133,0.999,,,02:36,0.992,,,主线-9,0.975,60,0.981,,0.0
solo_ingame_chain_20260915_000229_642428,f0168_action_before,1789402021.2828293,160.9,bond_pick,ocr_bond:敏捷,4.44万,0.995,,,1343,0.999,+1.8,0.993,3190,0.988,,,02:43,0.986,,,主线-9,0.975,40,0.989,100,0.997
solo_ingame_chain_20260915_000229_642428,f0176_action_before,1789402029.8634846,169.5,bond_pick,ocr_bond:敏捷,4.52万,0.993,,,1260,0.994,+1.8,0.993,3250,0.993,,,02:51,0.994,,,主线-9,0.975,40,0.989,100,0.997
solo_ingame_chain_20260915_000229_642428,f0188_action_before,1789402043.4464154,183.1,bond_pick,ocr_bond:敏捷,4.65万,0.995,,,1135,0.998,+1.8,0.993,3356,0.999,,,03:05,0.991,,,主线-10,0.968,40,0.989,100,0.997
solo_ingame_chain_20260915_000229_642428,f0197_action_before,1789402053.8984928,193.5,bond_pick,ocr_bond:猎魔人,4.77万,0.993,,,1056,0.998,+1.8,0.993,3456,0.999,,,03:15,0.978,,,主线-10,0.968,40,0.989,100,0.997
solo_ingame_chain_20260915_000229_642428,f0203_action_before,1789402060.5636687,200.2,bond_pick,ocr_bond:猎魔人,4.84万,0.996,,,1017,0.997,+1.8,0.993,3519,0.998,,,03:22,0.99,,,主线-10,0.968,40,0.989,100,0.997
solo_ingame_chain_20260915_000229_642428,f0209_action_before,1789402067.28024,206.9,bond_pick,ocr_bond:猎魔人,4.91万,0.994,,,930,0.983,+1.8,0.993,3582,0.998,,,03:28,0.987,,,主线-10,0.968,40,0.989,100,0.997
solo_ingame_chain_20260915_000229_642428,f0218_action_before,1789402077.3132148,216.9,bond_pick,ocr_bond:经济,5.11万,0.995,,,849,0.992,+1.8,0.993,3682,0.998,,,03:38,0.987,,,主线-10,0.968,40,0.989,100,0.997
solo_ingame_chain_20260915_000229_642428,f0224_action_before,1789402084.1316836,223.7,bond_pick,ocr_bond:猎魔人,5.38万,0.992,,,869,0.987,+1.8,0.993,3741,0.997,,,03:45,0.98,,,主线4-1,0.994,40,0.989,100,0.997
solo_ingame_chain_20260915_000229_642428,f0230_action_before,1789402090.8482583,230.5,bond_pick,ocr_bond:经济,5.44万,0.996,,,781,0.996,+1.8,0.993,3800,0.985,,,03:52,0.993,,,主线4-1,0.994,40,0.989,100,0.997
solo_ingame_chain_20260915_000229_642428,f0239_action_before,1789402101.1633537,240.8,bond_pick,ocr_bond:暴击,5.57万,0.996,,,713,0.996,+1.8,0.993,3909,0.993,,,04:02,0.994,,,主线4-1,0.994,40,0.989,100,0.997
solo_ingame_chain_20260915_000229_642428,f0245_action_before,1789402108.0320466,247.6,bond_pick,ocr_bond:经济,5.65万,0.996,,,723,0.99,+1.8,0.993,3992,0.997,,,04:09,0.995,,,主线4-2,0.994,40,0.989,100,0.997
solo_ingame_chain_20260915_000229_642428,f0260_action_before,1789402124.9979253,264.6,bond_pick,ocr_bond:暴击,5.85万,0.994,,,652,0.996,+2.3,0.991,4192,0.997,,,04:26,0.994,,,主线4-2,0.994,40,0.989,100,0.997
solo_ingame_chain_20260915_000229_642428,f0266_action_before,1789402131.651734,271.3,bond_pick,ocr_bond:弓神,5.93万,0.995,,,566,0.997,+2.3,0.991,4267,0.998,,,04:33,0.992,,,主线4-2,0.994,40,0.989,100,0.997
solo_ingame_chain_20260915_000229_642428,f0273_action_before,1789402140.3981016,280.0,bond_pick,ocr_bond:挑战,6.03万,0.994,,,488,0.997,+2.3,0.991,4365,0.999,,,04:41,0.989,,,主线4-2,0.994,40,0.989,100,0.997
solo_ingame_chain_20260915_000229_642428,f0282_action_before,1789402150.8469942,290.5,bond_refresh,bond_refresh_btn,6.28万,0.994,,,411,0.997,+2.3,0.991,4493,0.999,,,04:52,0.996,,,主线4-2,0.994,40,0.989,100,0.997
solo_ingame_chain_20260915_000229_642428,f0284_action_before,1789402153.0304177,292.6,bond_pick,ocr_bond:弓神,6.30万,0.991,,,376,0.993,+2.3,0.991,4516,0.999,,,04:54,0.996,,,主线4-2,0.994,60,0.981,,0.0
solo_ingame_chain_20260915_000229_642428,f0290_action_before,1789402159.8313646,299.4,bond_pick,ocr_bond:挑战,6.39万,0.991,,,293,0.992,+2.3,0.991,4600,0.972,,,05:01,0.994,,,主线4-2,0.994,40,0.989,100,0.997
solo_ingame_chain_20260915_000229_642428,f0297_action_before,1789402168.3248699,307.9,bond_pick,ocr_bond:收割者,6.51万,0.995,,,214,0.991,+2.3,0.991,4727,0.998,,,05:09,0.996,,,主线4-2,0.994,40,0.989,100,0.997
solo_ingame_chain_20260915_000229_642428,f0305_action_before,1789402177.0971375,316.7,bond_pick,ocr_bond:收割者,6.61万,0.996,,,133,0.997,+2.3,0.991,4838,0.999,,,05:18,0.981,,,主线4-2,0.994,40,0.989,100,0.997
solo_ingame_chain_20260915_000229_642428,f0311_action_before,1789402183.814791,323.4,bond_pick,ocr_bond:收割者,6.70万,0.992,,,50,0.979,+2.3,0.991,4936,0.999,,,05:24,0.993,,,主线4-2,0.994,40,0.989,100,0.997
solo_ingame_chain_20260915_000229_642428,f0323_action_before,1789402199.6652594,339.3,bond_pick,ocr_bond:挑战,6.90万,0.992,,,47,0.994,+2.3,0.991,5154,0.999,,,05:40,0.976,,,主线4-2,0.994,40,0.989,100,0.996
solo_ingame_chain_20260915_000229_642428,f0340_action_before,1789402224.7520702,364.4,bond_refresh,bond_refresh_btn,7.62万,0.995,,,14,0.994,+2.3,0.992,5528,0.999,,,06:05,0.996,,,@甲名,0.552,40,0.991,100,0.996
solo_ingame_chain_20260915_000229_642428,f0342_action_before,1789402231.1147594,370.7,bond_refresh,bond_refresh_btn,7.70万,0.991,,,28,0.982,+2.3,0.991,5624,0.999,,,06:12,0.986,,,主线4-2,0.994,40,0.989,务,0.122
solo_ingame_chain_20260915_000229_642428,f0344_action_before,1789402237.5319042,377.1,bond_refresh,bond_refresh_btn,7.79万,0.99,,,45,0.995,+2.3,0.991,5723,0.998,,,06:18,0.984,,,主线4-2,0.994,40,0.981,,0.0
solo_ingame_chain_20260915_000229_642428,f0348_action_before,1789402243.599022,383.2,bond_refresh,bond_refresh_btn,7.87万,0.986,,,19,0.961,+2.3,0.991,5818,0.999,,,06:24,0.996,,,主线4-2,0.994,60,0.969,,0.0
solo_ingame_chain_20260915_000229_642428,f0350_action_before,1789402248.2482238,387.9,bond_refresh,bond_refresh_btn,7.92万,0.993,,,29,0.959,+2.3,0.991,5884,0.999,,,06:29,0.996,,,主线4-2,0.994,60,0.969,,0.0
solo_ingame_chain_20260915_000229_642428,f0352_action_before,1789402253.1343,392.8,bond_refresh,bond_refresh_btn,7.99万,0.991,,,40,0.974,+2.3,0.991,5957,0.998,,,06:34,0.994,,,主线4-2,0.994,60,0.969,,0.0
solo_ingame_chain_20260915_000229_642428,f0361_state_change,1789402267.3819654,407.0,timeline,,8.19万,0.991,+94.2,0.997,124,0.995,+2.3,0.992,6187,0.999,+3.5,0.995,06:48,0.991,1-21,0.992,主线4-2,0.996,,,,
solo_ingame_chain_20260915_000229_642428,f0364_state_change,1789402330.3982453,470.0,timeline,,9.51万,0.993,+94.2,0.997,445,0.999,+2.3,0.992,7565,0.998,+3.5,0.995,07:51,0.996,1-21,0.992,主线4-4,0.996,,,,
solo_ingame_chain_20260915_000229_642428,f0367_state_change,1789402392.8647745,532.5,timeline,,10.6万,0.993,+94.2,0.997,815,0.996,+2.3,0.992,8722,0.995,+3.5,0.995,08:53,0.994,1-21,0.992,主线4-5,0.997,,,,
solo_ingame_chain_20260915_000229_642428,f0370_state_change,1789402456.0830085,595.7,timeline,,12万,0.981,+94.2,0.997,1034,0.997,+2.3,0.992,1.11万,0.916,+3.5,0.995,09:56,0.996,1-21,0.992,主线4-5,0.997,,,,
solo_ingame_chain_20260915_000229_642428,f0374_action_after,1789402519.883221,659.5,timeline,,13.3万,0.994,+94.2,0.997,1408,0.998,+2.3,0.992,1.23万,0.916,+3.5,0.995,10:59,0.997,1-21,0.992,主线4-5,0.997,,,,
solo_ingame_chain_20260915_000229_642428,f0376_action_before,1789402581.883595,721.5,timeline,,16万,0.976,+94.2,0.997,1624,0.997,+2.3,0.992,1.35万,0.924,+3.5,0.995,12:01,0.996,1-21,0.992,主线4-5,0.997,,,,
solo_ingame_chain_20260915_000229_642428,f0379_action_before,1789402644.5352223,784.2,timeline,,17.6万,0.996,+94.2,0.997,2074,0.998,+2.3,0.992,1.48万,0.907,+3.5,0.995,13:04,0.998,1-21,0.992,主线4-5,0.997,,,,
solo_ingame_chain_20260915_000229_642428,f0386_action_before,1789402710.6182275,850.2,timeline,,22.2万,0.993,+94.2,0.997,2449,0.998,+2.3,0.992,1.61万,0.924,+3.5,0.995,14:10,0.995,1-21,0.992,主线4-5,0.997,,,,
solo_ingame_chain_20260915_000229_642428,f0392_state_change,1789402716.016389,855.6,timeline,,22.2万,0.993,+94.2,0.997,2461,0.997,+2.3,0.992,1.62万,0.92,+3.5,0.995,14:15,0.995,1-21,0.992,主线4-5,0.997,,,,
solo_ingame_chain_20260915_000229_642428,f0401_state_change,1789402784.833025,924.4,timeline,,24万,0.985,+94.2,0.997,2746,0.998,+2.3,0.992,1.76万,0.896,+3.5,0.995,15:24,0.997,1-21,0.992,主线4-5,0.997,,,,
solo_ingame_chain_20260915_000229_642428,f0408_state_change,1789402850.4190574,990.0,timeline,,25.9万,0.994,+104.2,0.995,3014,0.997,+2.4,0.99,1.88万,0.922,+3.5,0.995,16:29,0.998,1-21,0.992,主线4-6,0.969,,,,
solo_ingame_chain_20260915_000229_642428,f0409_action_before,1789402910.669937,1050.3,timeline,,27.7万,0.994,+104.2,0.995,3333,0.999,+2.4,0.99,1.97月,0.893,+3.5,0.995,17:29,0.998,1-21,0.992,主线4-日,0.987,,,,
solo_ingame_chain_20260915_000229_642428,f0416_action_before,1789402976.7509592,1116.4,timeline,,29.7万,0.992,+104.2,0.995,3840,0.995,+2.4,0.99,2.05万,0.926,+3.5,0.995,18:35,0.996,1-21,0.992,主线4-9,0.997,,,,
solo_ingame_chain_20260915_000229_642428,f0423_action_before,1789403042.4268596,1182.0,timeline,,32.1万,0.993,+104.2,0.995,4079,0.998,+2.4,0.989,2.14万,0.912,+3.5,0.995,19:41,0.998,1-21,0.992,主线4-9,0.997,,,,
solo_ingame_chain_20260915_000229_642428,f0427_state_change,1789403046.6737914,1186.3,timeline,,32.1万,0.993,+104.2,0.995,4089,0.998,+2.4,0.99,2.14万,0.912,+3.5,0.995,19:45,0.996,1-21,0.992,主线4-9,0.997,,,,
solo_ingame_chain_20260915_000229_642428,f0430_state_change,1789403110.020833,1249.6,timeline,,32.9万,0.993,+104.2,0.995,4248,0.999,+2.4,0.99,2.20万,0.876,+3.5,0.995,20:48,0.994,1-21,0.992,主线4-9,0.997,,,,
solo_ingame_chain_20260915_000229_642428,f0435_state_change,1789403175.620377,1315.2,timeline,,35.6万,0.995,+104.2,0.995,4480,0.997,+2.4,0.99,2.27万,0.906,+3.5,0.995,21:54,0.997,1-21,0.992,主线4-9,0.997,,,,
solo_ingame_chain_20260915_000229_642428,f0438_state_change,1789403238.6052299,1378.2,timeline,,37.9万,0.993,+104.2,0.995,4707,0.998,+2.4,0.99,2.31万,0.951,+3.5,0.995,22:56,0.996,1-21,0.992,主线4-9,0.997,,,,
solo_ingame_chain_20260915_000229_642428,f0439_action_before,1789403284.1892521,1423.8,timeline,,40.5万,0.994,+104.2,0.995,4854,0.999,+2.4,0.988,2.34月,0.886,+3.5,0.995,23:41,0.99,1-21,0.992,主线4-9,0.992,,,,
solo_ingame_chain_20260907_220109_971377,f0022_state_change,1788789720.4137027,-0.1,timeline,,1.38万,0.993,+72.5,0.996,613,0.998,+1.5,0.986,1809,0.996,+2.5,0.995,00:03,0.964,1-21,0.992,主线1-1,0.985,,,,
solo_ingame_chain_20260907_220109_971377,f0037_action_before,1788789733.8124611,13.3,bond_pick,ocr_bond:祝福,1.60万,0.996,,,1013,0.996,+1.5,0.985,1869,0.999,,,00:16,0.984,,,主线1-日,0.964,40,0.989,20,0.983
solo_ingame_chain_20260907_220109_971377,f0043_action_before,1788789739.0953305,18.6,bond_pick,ocr_bond:祝福,1.65万,0.997,,,1081,0.995,+1.5,0.985,1891,0.998,,,00:21,0.985,,,主线2-1,0.987,40,0.989,40,0.978
solo_ingame_chain_20260907_220109_971377,f0051_action_before,1788789745.945805,25.4,bond_pick,ocr_bond:祝福,2.29万,0.98,,,1247,0.998,+1.5,0.985,2221,0.99,,,00:28,0.979,,,主线2-ヨ,0.928,40,0.989,60,0.993
solo_ingame_chain_20260907_220109_971377,f0058_action_before,1788789753.0803242,32.6,bond_refresh,bond_refresh_btn,3.04万,0.995,,,1592,0.997,+1.5,0.985,2257,0.995,,,00:35,0.99,,,主线2-6,0.959,40,0.989,80,0.993
solo_ingame_chain_20260907_220109_971377,f0060_action_before,1788789755.6295953,35.1,bond_pick,ocr_bond:经济,3.07万,0.995,,,1607,0.996,+1.5,0.985,2275,0.994,,,00:38,0.985,,,主线2-7,0.992,60,0.981,,0.0
solo_ingame_chain_20260907_220109_971377,f0066_action_before,1788789761.395381,40.9,bond_pick,ocr_bond:经济,3.13万,0.994,,,1567,0.998,+1.5,0.985,2305,0.995,,,00:44,0.987,,,主线2-日,0.982,40,0.989,100,0.997
solo_ingame_chain_20260907_220109_971377,f0074_action_before,1788789768.4952772,48.0,bond_pick,ocr_bond:经济,3.20万,0.992,,,1528,0.998,+1.5,0.985,2342,0.995,,,00:51,0.99,,,主线2-9,0.99,40,0.989,100,0.997
solo_ingame_chain_20260907_220109_971377,f0081_action_before,1788789776.1945558,55.7,bond_pick,ocr_bond:成长,3.27万,0.993,,,1492,0.997,+2,0.954,2373,0.996,,,00:58,0.988,,,主线2-10,0.984,40,0.989,100,0.997
solo_ingame_chain_20260907_220109_971377,f0087_action_before,1788789781.8791358,61.4,bond_pick,ocr_bond:成长,3.90万,0.994,,,1637,0.998,+2,0.953,2420,0.988,,,01:04,0.969,,,主线-1,0.967,40,0.989,100,0.997
solo_ingame_chain_20260907_220109_971377,f0095_action_before,1788789789.2457774,68.7,bond_pick,ocr_bond:成长,3.99万,0.993,,,1601,0.996,+2,0.953,2472,0.994,,,01:10,0.953,,,主线-2,0.981,40,0.989,100,0.997
solo_ingame_chain_20260907_220109_971377,f0101_action_before,1788789795.3626273,74.8,bond_pick,ocr_bond:成长,4.07万,0.995,,,1564,0.999,+2,0.954,2521,0.995,,,01:18,0.965,,,主线-ヨ,0.913,40,0.989,100,0.997
solo_ingame_chain_20260907_220109_971377,f0116_action_before,1788789810.311417,89.8,bond_pick,ocr_bond:挑战,4.25万,0.993,,,1499,0.997,+2.3,0.994,2629,0.989,,,01:32,0.977,,,主线-5,0.985,40,0.989,100,0.997
solo_ingame_chain_20260907_220109_971377,f0122_action_before,1788789816.3956933,95.9,bond_pick,ocr_bond:挑战,4.31万,0.989,,,1413,0.999,+2.3,0.994,2668,0.996,,,01:39,0.983,,,主线-5,0.985,40,0.989,100,0.997
solo_ingame_chain_20260907_220109_971377,f0129_action_before,1788789823.6953166,103.2,bond_pick,ocr_bond:法术,4.81万,0.992,,,1447,0.999,+2.3,0.994,2722,0.987,,,01:46,0.975,,,主线3-6,0.919,40,0.989,100,0.997
solo_ingame_chain_20260907_220109_971377,f0137_action_before,1788789831.3962245,110.9,bond_pick,ocr_bond:法术,4.89万,0.995,,,1364,0.998,+2.3,0.994,2769,0.993,,,01:54,0.984,,,主线3-6,0.919,40,0.989,100,0.997
solo_ingame_chain_20260907_220109_971377,f0144_action_before,1788789839.294477,118.8,bond_pick,ocr_bond:贪婪,4.99万,0.994,,,1438,0.997,+2.3,0.994,2832,0.997,,,02:01,0.981,,,主线3-6,0.919,40,0.989,100,0.997
solo_ingame_chain_20260907_220109_971377,f0150_action_before,1788789845.7791457,125.3,bond_pick,ocr_bond:贪婪,5.68万,0.996,,,1404,0.998,+2.3,0.994,2882,0.997,,,02:08,0.981,,,主线-7,0.986,40,0.989,100,0.997
solo_ingame_chain_20260907_220109_971377,f0159_action_before,1788789855.5966125,135.1,bond_refresh,bond_refresh_btn,5.95万,0.996,,,1378,0.998,+2.3,0.994,3859,0.997,,,02:18,0.974,,,主线-日,0.927,40,0.989,100,0.997
solo_ingame_chain_20260907_220109_971377,f0161_action_before,1788789857.8302739,137.3,bond_pick,ocr_bond:法术,6.04万,0.996,,,1343,0.998,+2.3,0.994,3876,0.997,,,02:20,0.978,,,主线-日,0.927,60,0.981,-人,0.438
solo_ingame_chain_20260907_220109_971377,f0168_action_before,1788789865.929533,145.4,bond_pick,ocr_bond:暴击,6.14万,0.996,,,1262,0.996,+2.3,0.994,3935,0.998,,,02:28,0.984,,,主线-日,0.927,40,0.989,100,0.997
solo_ingame_chain_20260907_220109_971377,f0176_action_before,1788789874.114096,153.6,bond_pick,ocr_bond:暴击,6.25万,0.994,,,1373,0.999,+2.3,0.994,4010,0.986,,,02:36,0.988,,,主线-9,0.975,40,0.989,100,0.997
solo_ingame_chain_20260907_220109_971377,f0182_action_before,1788789880.6639385,160.1,bond_pick,ocr_bond:贪婪,6.33万,0.993,,,1289,0.996,+2.3,0.994,4062,0.985,,,02:43,0.985,,,主线-9,0.975,40,0.989,100,0.997
solo_ingame_chain_20260907_220109_971377,f0189_action_before,1788789888.963659,168.4,bond_refresh,bond_refresh_btn,6.43万,0.996,,,1408,0.997,+2.3,0.994,4126,0.995,,,02:51,0.989,,,主线-10,0.968,40,0.989,100,0.997
solo_ingame_chain_20260907_220109_971377,f0191_action_before,1788789892.3007226,171.8,bond_refresh,bond_refresh_btn,6.46万,0.995,,,1375,0.998,+2.3,0.994,4146,0.997,,,02:54,0.992,,,主线-10,0.968,60,0.981,,0.0
solo_ingame_chain_20260907_220109_971377,f0202_action_before,1788789905.847566,185.3,bond_refresh,bond_refresh_btn,6.63万,0.996,,,1249,0.997,+2.3,0.994,4256,0.998,,,03:08,0.979,,,主线-10,0.968,40,0.989,100,0.997
solo_ingame_chain_20260907_220109_971377,f0204_action_before,1788789908.9823492,188.5,bond_pick,ocr_bond:魔能,6.67万,0.996,,,1216,0.997,+2.3,0.994,4287,0.997,,,03:11,0.948,,,主线-10,0.968,60,0.981,,0.0
solo_ingame_chain_20260907_220109_971377,f0210_action_before,1788789915.9151409,195.4,bond_pick,ocr_bond:急速,6.79万,0.993,,,1183,0.999,+2.3,0.994,4372,0.997,,,03:18,0.97,,,主线-10,0.968,40,0.989,100,0.997
solo_ingame_chain_20260907_220109_971377,f0218_action_before,1788789924.5978482,204.1,bond_pick,ocr_bond:魔能,7.11万,0.996,,,1102,0.993,+2.3,0.994,4460,0.986,,,03:26,0.987,,,主线-10,0.968,40,0.989,100,0.997
solo_ingame_chain_20260907_220109_971377,f0225_action_before,1788789933.2973316,212.8,bond_pick,ocr_bond:封神,7.68万,0.995,,,1138,0.998,+2.3,0.994,4546,0.999,,,03:35,0.988,,,主线4-1,0.994,40,0.989,100,0.997
solo_ingame_chain_20260907_220109_971377,f0231_action_before,1788789940.2126718,219.7,bond_pick,ocr_bond:封神,7.77万,0.993,,,1054,0.997,+2.3,0.994,4609,0.985,,,03:42,0.979,,,主线4-1,0.994,40,0.989,100,0.997
solo_ingame_chain_20260907_220109_971377,f0239_action_before,1788789949.1958218,228.7,bond_pick,ocr_bond:封神,7.88万,0.989,,,976,0.996,+2.3,0.994,4690,0.984,,,03:51,0.983,,,主线4-1,0.994,40,0.989,100,0.997
solo_ingame_chain_20260907_220109_971377,f0245_action_before,1788789956.0664222,235.5,bond_pick,ocr_bond:封神,8.00万,0.992,,,1084,0.996,+2.3,0.994,4776,0.994,,,03:58,0.987,,,主线4-2,0.994,40,0.989,100,0.997
solo_ingame_chain_20260907_220109_971377,f0251_action_before,1788789963.4310465,242.9,bond_pick,ocr_bond:封神,8.11万,0.993,,,1001,0.989,+2.3,0.994,4850,0.996,,,04:05,0.992,,,主线4-2,0.994,40,0.989,100,0.997
solo_ingame_chain_20260907_220109_971377,f0260_action_before,1788789974.4334736,253.9,bond_refresh,bond_refresh_btn,8.27万,0.994,,,1104,0.998,+2.3,0.994,4978,0.996,,,04:16,0.984,,,主线4-2,0.994,40,0.989,100,0.997
solo_ingame_chain_20260907_220109_971377,f0262_action_before,1788789976.8480525,256.3,bond_pick,ocr_bond:封神,8.31万,0.972,,,1071,0.997,+2.3,0.994,5008,0.993,,,04:19,0.988,,,主线4-2,0.994,60,0.981,,0.0
solo_ingame_chain_20260907_220109_971377,f0269_action_before,1788789986.1967514,265.7,bond_refresh,bond_refresh_btn,8.44万,0.996,,,992,0.996,+2.3,0.994,5111,0.997,,,04:28,0.985,,,主线4-2,0.994,40,0.989,100,0.997
solo_ingame_chain_20260907_220109_971377,f0271_action_before,1788789989.5482993,269.0,bond_refresh,bond_refresh_btn,8.49万,0.994,,,1010,0.984,+2.3,0.994,5152,0.997,,,04:31,0.985,,,主线4-ヨ,0.947,60,0.981,,0.0
solo_ingame_chain_20260907_220109_971377,f0273_action_before,1788789991.96453,271.4,bond_pick,ocr_bond:封神,8.78万,0.993,,,957,0.998,+2.3,0.994,5189,0.998,,,04:34,0.987,,,主线4-ヨ,0.947,80,0.973,,0.0
solo_ingame_chain_20260907_220109_971377,f0282_action_before,1788790003.1465936,282.6,bond_refresh,bond_refresh_btn,8.99万,0.992,,,883,0.998,+2.3,0.994,5314,0.999,,,04:45,0.989,,,主线4-ヨ,0.947,40,0.989,100,0.997
solo_ingame_chain_20260907_220109_971377,f0284_action_before,1788790006.7483556,286.2,bond_refresh,bond_refresh_btn,8.99万,0.992,,,883,0.998,+2.3,0.994,5317,0.998,,,04:46,0.988,,,主线4-ヨ,0.947,40,0.98,,0.0
solo_ingame_chain_20260907_220109_971377,f0285_action_before,1788790009.697895,289.2,bond_refresh,bond_refresh_btn,9.08万,0.994,,,897,0.996,+2.3,0.994,5385,0.999,,,04:51,0.988,,,主线4-ヨ,0.947,40,0.989,-,0.443
solo_ingame_chain_20260907_220109_971377,f0287_action_before,1788790012.9983468,292.5,bond_refresh,bond_refresh_btn,9.13万,0.995,,,867,0.997,+2.3,0.994,5429,0.997,,,04:55,0.992,,,主线4-ヨ,0.947,60,0.981,,0.0
solo_ingame_chain_20260907_220109_971377,f0292_action_before,1788790019.9815373,299.5,bond_refresh,bond_refresh_btn,9.24万,0.995,,,873,0.998,+2.3,0.994,5509,0.993,,,05:02,0.992,,,主线4-4,0.994,80,0.973,,0.0
solo_ingame_chain_20260907_220109_971377,f0294_action_before,1788790022.4821386,302.0,bond_refresh,bond_refresh_btn,9.27万,0.994,,,798,0.996,+2.3,0.994,5535,0.998,,,05:04,0.993,,,主线4-4,0.994,100,0.988,,0.0
solo_ingame_chain_20260907_220109_971377,f0314_state_change,1788790050.415321,329.9,timeline,,10.1万,0.992,+92.5,0.997,956,0.998,+2.3,0.993,6271,0.997,+3.5,0.997,05:32,0.994,1-21,0.992,主线4-5,0.997,,,,
solo_ingame_chain_20260907_220109_971377,f0335_action_before,1788790081.5855944,361.1,timeline,,11.5万,0.997,+92.5,0.996,1095,0.997,+2.3,0.994,6792,0.994,+3.5,0.996,06:03,0.991,1-21,0.96,主线4-5,0.994,,,,
solo_ingame_chain_20260907_220109_971377,f0350_state_change,1788790109.948715,389.4,timeline,,12.4万,0.996,+102.5,0.996,1278,0.998,+2.4,0.993,7220,0.986,+3.5,0.996,06:31,0.99,1-21,0.96,主线4-6,0.972,,,,
solo_ingame_chain_20260907_220109_971377,f0368_action_after,1788790139.73006,419.2,timeline,,13.4万,0.995,+102.5,0.997,1644,0.999,+2.4,0.992,7723,0.996,+3.5,0.997,07:01,0.99,1-21,0.992,主线4-日,0.987,,,,
solo_ingame_chain_20260907_220109_971377,f0389_action_after,1788790170.5642476,450.0,timeline,,14万,0.989,+102.5,0.996,1821,0.996,+2.4,0.993,8262,0.996,+3.5,0.996,07:32,0.988,1-21,0.959,主线4-10,0.995,,,,
solo_ingame_chain_20260907_220109_971377,f0407_state_change,1788790199.2969573,478.8,timeline,,15.5万,0.995,+102.5,0.996,2346,0.998,+2.4,0.993,8763,0.997,+3.5,0.996,08:00,0.966,1-21,0.96,主线5-1,0.988,,,,
solo_ingame_chain_20260907_220109_971377,f0425_action_after,1788790229.6642203,509.1,timeline,,16.1万,0.992,+102.5,0.997,2520,0.995,+2.4,0.992,9352,0.998,+3.5,0.997,08:30,0.984,1-21,0.992,主线5-2,0.993,,,,
solo_ingame_chain_20260907_220109_971377,f0444_action_after,1788790260.0500042,539.5,timeline,,24.1万,0.995,+102.5,0.996,2747,0.998,+2.4,0.993,9969,0.996,+3.5,0.996,09:01,0.991,1-21,0.959,主线5-5,0.994,,,,
solo_ingame_chain_20260907_220109_971377,f0462_state_change,1788790290.4990013,570.0,timeline,,27万,0.981,+102.5,0.996,2963,0.997,+2.4,0.993,1.05月,0.933,+3.5,0.996,09:31,0.991,1-21,0.964,主线5-5,0.994,,,,
solo_ingame_chain_20260907_220109_971377,f0479_action_before,1788790321.217945,600.7,timeline,,28.1万,0.993,+102.5,0.996,3040,0.974,+2.4,0.993,1.14月,0.94,+3.5,0.996,10:02,0.993,1-21,0.96,主线5-5,0.994,,,,
solo_ingame_chain_20260907_220109_971377,f0496_action_after,1788790349.8660734,629.3,timeline,,29.6万,0.993,+102.5,0.996,3159,0.996,+2.4,0.993,1.21月,0.942,+3.5,0.996,10:30,0.991,1-21,0.96,主线5-5,0.994,,,,
solo_ingame_chain_20260907_220109_971377,f0513_action_after,1788790380.533068,660.0,timeline,,30.7万,0.994,+102.5,0.997,3375,0.998,+2.4,0.992,1.40月,0.874,+3.5,0.997,11:00,0.991,1-21,0.992,主线5-5,0.996,,,,
solo_ingame_chain_20260907_220109_971377,f0526_action_after,1788790403.9825366,683.5,timeline,,42.5万,0.995,+102.5,0.996,3547,0.999,+2.4,0.993,1.45月,0.946,+3.5,0.996,11:23,0.996,1-21,0.96,主线5-6,0.973,,,,
solo_ingame_chain_20260907_220109_971377,f0539_action_before,1788790440.366741,719.8,timeline,,44.7万,0.994,+102.5,0.996,3807,0.996,+2.4,0.993,1.65月,0.932,+3.5,0.996,11:59,0.998,1-21,0.953,主线5-日,0.971,,,,
solo_ingame_chain_20260907_220109_971377,f0543_action_before,1788790470.267776,749.7,timeline,,46.7万,0.995,+102.5,0.997,3967,0.998,+2.4,0.992,1.72月,0.872,+3.5,0.997,12:29,0.997,1-21,0.992,主线5-日,0.984,,,,
solo_ingame_chain_20260907_220109_971377,f0550_action_after,1788790495.9680061,775.4,timeline,,47.7万,0.996,+102.5,0.997,4029,0.996,+2.4,0.992,1.80月,0.894,+3.5,0.997,12:55,0.996,1-21,0.992,主线5-日,0.984,,,,
solo_ingame_chain_20260907_220109_971377,f0555_action_before,1788790530.9213054,810.4,timeline,,48.6万,0.995,+102.5,0.997,4579,0.999,+2.4,0.992,1.89月,0.888,+3.5,0.997,13:29,0.998,1-21,0.992,主线5-10,0.989,,,,
solo_ingame_chain_20260907_220109_971377,f0562_action_after,1788790556.8832715,836.4,timeline,,50.4万,0.995,+102.5,0.997,4694,0.984,+2.4,0.992,1.95月,0.895,+3.5,0.997,13:55,0.997,1-21,0.992,主线5-10,0.989,,,,
solo_ingame_chain_20260907_220109_971377,f0567_action_before,1788790591.8169768,871.3,timeline,,51.2万,0.995,+102.5,0.997,4781,0.999,+2.4,0.992,2.04万,0.872,+3.5,0.997,14:30,0.996,1-21,0.992,主线5-10,0.989,,,,
solo_ingame_chain_20260907_220109_971377,f0576_action_after,1788790617.6833835,897.2,timeline,,53.2万,0.995,+102.5,0.997,5034,0.998,+2.4,0.992,2.11万,0.866,+3.5,0.997,14:55,0.998,1-21,0.992,主线5-10,0.989,,,,
solo_ingame_chain_20260907_220109_971377,f0581_action_before,1788790652.551031,932.0,timeline,,64.5万,0.995,+102.5,0.997,5121,0.998,+2.4,0.992,2.20月,0.868,+3.5,0.997,15:30,0.996,1-21,0.992,主线5-10,0.989,,,,
solo_ingame_chain_20260907_220109_971377,f0588_action_after,1788790678.183753,957.7,timeline,,66.7万,0.994,+102.5,0.997,5183,0.999,+2.4,0.992,2.26万,0.918,+3.5,0.997,15:56,0.997,1-21,0.992,主线5-10,0.989,,,,
solo_ingame_chain_20260907_220109_971377,f0593_action_before,1788790713.1176553,992.6,timeline,,67.5万,0.995,+102.5,0.997,5411,1.0,+2.4,0.992,2.35万,0.915,+3.5,0.997,16:30,0.996,1-21,0.992,主线5-10,0.989,,,,
solo_ingame_chain_20260907_220109_971377,f0609_action_after,1788790740.302918,1019.8,timeline,,68.4万,0.995,+102.5,0.997,5448,0.999,+2.4,0.992,2.36万,0.919,+3.5,0.997,16:57,0.998,1-21,0.992,ク,0.184,,,,
